"ASIN";"SKU";"Title";"Labels";"CostPeriodStartDate";"Cost";"DomesticShippingCost";"RestofworldShippingCost";"ShippingProfile";"Value_of_unsellable_returns";"VAT";"VAT_CATEGORY";"Hide";"Marketplace";"BatchQuantity"
"B0F9PGKBX2";"POSITIVEJAR_TURTLE";"Musemory 60 Positive Cards Turtle Jar, Affirmation Cards For Women, Friendship Gift, Best Friend Gift, Positive Decor, Sea Turtle Gifts, Card Turtle for Her, Decoration For Home Office";"#FBA";"";"1.2";"";"";"";"";"";"A_GEN_STANDARD";"NO";"";""
"B0F8VBSG3T";"CARVISOR_DAD";"Magnetic Acrylic Car Visor Photo Clip, Father's Day, Birthday Gift For Dad, Picture Holder with Love Message, Drive Safe Car Accessory For Dad, Best Dad Ever Gifts, Birthday Gifts from Daughter";"#FBA";"";"";"";"";"";"";"";"A_GEN_STANDARD";"NO";"";""
"B0F62HNF16";"ONM_NURSE";"Nursing 2026 Graduation Gift, Nurse Gifts for Women, Nursing Ornament, Appreciation Gifts for Women, New Nurse Gift, Gifts for Nurses";"#FBA";"";"";"";"";"";"";"";"A_GEN_STANDARD";"NO";"";""
"B0H1LJX4T9";"WEDDING_DEVOM_OURADVENTUREBEGIN";"Romantic Wedding Gift for Couple, Wooden Heart Tree Tabletop Decor with “Our Adventure Begins”, Wedding Gift for Husband Wife, Engagement Bridal Shower Newlywed Home Decor";"#FBA";"";"";"";"";"";"";"";"A_GEN_STANDARD";"NO";"";""
"B0F5V9Z11R";"UY-AO7W-2FWB";"Musemory Magnetic Reward Jar, Personalized Smiley Tokens Reward Jar for Kids, DIY, Reward Jar, Classroom Management Tool, Reward Jars for Kids Magnetic, Back to School Gift for Kids";"#FBA";"";"3";"";"";"";"";"";"A_GEN_STANDARD";"NO";"";""
"B0GVYTQLYB";"DESK-DECOR_AMERICA250";"250th Anniversary USA Ornament 1776 –2026, America 250 Eagle Patriotic Tabletop Decoration, 4th of JulyDecorations, Patriotic Gift for Veterans Independence Day";"#FBA";"";"";"";"";"";"";"";"A_GEN_STANDARD";"NO";"";""
"B0GWQF4FM6";"FATHERDAY_DADJOKESJAR";"Dad Joke Jar, Gifts Set with Card Hat, Gag Gift for Men, Joke Cards Jar, Fathers Day Gift, Birthday Present for Husband, Fun Family Game Night Humor Kit";"#FBA";"";"";"";"";"";"";"";"A_GEN_STANDARD";"NO";"";""
"B0GZGMLGDD";"250TH_DOORSIGN_DAIBANG";"250th Anniversary Decorations for Home, Patriotic Eagle Door Sign, America 250th Birthday Decor, Fourth of July Decorations, USA Independence Day Hanging Wall Decor, Patriotic Decorations";"#FBA";"";"";"";"";"";"";"";"A_GEN_STANDARD";"NO";"";""
"B0GS645DBF";"HANDPRINT_SIGN_DAD";"Best Dad Ever Gifts from Kids, Fathers Day Gift for Dad, Personalized Style Wooden Plaque Decor, Hands Down Love Dad Sign, Birthday Gift for Father, DIY Handprint Kids";"#FBA";"";"";"";"";"";"";"";"A_GEN_STANDARD";"NO";"";""
"B0GZHBKGCM";"250TH_DOORSIGN_250THANNIVERSARY";"250th Anniversary Decorations for Home, Patriotic Door Sign, America 250th Birthday Decor, Fourth of July Decorations, USA 1776-2026 Hanging Wall Plaque, Patriotic Decorations for Front Door";"#FBA";"";"";"";"";"";"";"";"A_GEN_STANDARD";"NO";"";""
"B0GXKRXV5H";"250TH_KEYCHAIN_CHUONG";"Musemory America 250 Keychain 1776–2026 – Patriotic USA Keychain Set, 4th of July Independence Day Gift, Eagle Liberty Bell Flag Acrylic Keyring, American Anniversary Souvenir";"#FBA";"";"";"";"";"";"";"";"A_GEN_STANDARD";"NO";"";""
"B0H2LZQHTH";"250TH_GNOME_AMERICA250";"America 250 Patriotic Gnome Decor, USA 250th Anniversary Decoration 1776-2026, Independence Day Wooden Tabletop Sign, Liberty Bell & We The People Gnome Display, Patriotic Home Office Shelf Decor";"#FBA";"";"";"";"";"";"";"";"A_GEN_STANDARD";"NO";"";""
"B0DM93RNKC";"bible jar_03";"Badass Affirmation Jar, Inspirational Gift, Daily Affirmations for Women, Funny Affirmation Cards, Birthday Gifts for Her, Women, Valentines Day Gifts";"#FBA";"";"1.5";"";"";"";"";"";"A_GEN_STANDARD";"NO";"";""
"B0GWRC6XR9";"FATHERDAY_DADHAT";"Dad Hat, Best Dad Ever Flag Hat, Fathers Day Birthday Gift for Papa from Daughter Son, Trucker Hat for Men, Gift for Dad";"#FBA";"";"";"";"";"";"";"";"A_GEN_STANDARD";"NO";"";""
"B0FJRXPDVY";"ONM_SUNFLOWER";"You are Sunflower Scripture Ornament, Christian Gifts for Women, God Says You are Christian Christmas Ornament 2026, Religious Christmas Ornaments, Sunflower Gifts for Women";"#FBA";"";"";"";"";"";"";"";"A_GEN_STANDARD";"NO";"";""
"B0FJRX2KDG";"ONM_DRAGONFLY_2PCS";"2PCS Dragonfly Gifts for Women, Meaningful Ornaments with Story Card, Christmas Tree Decorations, for Women, White Elephant Gift, Dragon Fly Gifts, Dragonfly Ornament";"#FBA";"";"";"";"";"";"";"";"A_GEN_STANDARD";"NO";"";""
"B0F1Y83S8W";"WT-NW9C-FZDB";"Positive Affirmations Jar, Positive Affirmation Cards for Women, Unique for Women, Birthday Gifts for Women, Affirmation Cards for Men, Valentines day Gifts";"#FBA";"";"1";"";"";"";"";"";"A_GEN_STANDARD";"NO";"";""
"B0CYGVKSGQ";"bible jar-01";"Bible Verse Jar, Christian Gifts for Women, Inspirational Scriptures for Women, Daughters, Bible Accessories, Father Day Gifts, Decorative Glass Inspirational Scripture Jar, Bible Jar";"#FBA";"";"";"";"";"";"";"";"A_GEN_STANDARD";"NO";"";""
"B0H3VFDTQH";"bible jar-01";"Read Me When Bible Verse Jar, Bible Accessories, Prayer Jar, Graduation for Her, Christian Gift For Women, Teacher Gifts, Fathers Day Gift For Dad, Bible Jar for Emotions And Feelings";"#FBA";"";"";"";"";"";"";"";"A_GEN_STANDARD";"YES";"";""
"B0GVYMXG84";"MONEYHOLDER_GRADUATION";"Pack 6Pcs, Graduation Money Holder Cards, Congrats Grad Cash Gift Holder Set, Unique Graduation Gift Card Holders 2026, Graduation Cards 2026, Funny Grad Cards for High School";"#FBA";"";"2";"";"";"";"";"";"A_GEN_STANDARD";"NO";"";""
"B0GVYF16BT";"250TH_KEYCHAIN_DAIBANG";"Musemory America 250 Keychain 1776–2026 – Patriotic USA Keychain Set, 4th of July Independence Day Gift, Eagle Liberty Bell Flag Acrylic Keyring, American Anniversary Souvenir";"#FBA";"";"";"";"";"";"";"";"A_GEN_STANDARD";"NO";"";""
"B0GY4JSS94";"FATHERDAY_BESTDADEVERHAT";"Best Dad Ever American Flag Hat";"#FBA";"";"";"";"";"";"";"";"A_GEN_STANDARD";"NO";"";""
"B0DJR4343W";"PU-2DN9-R32Y";"Scratch Off Map of United States, All 63 US National Parks Scratch Off Poster, Scratch Off World Map, Travel Scratch Off Map, Us Map for Travel Tracking, Valentine Gift, Valentine Gifts For Her, Valentine Gift For Men";"#FBA";"";"";"";"";"";"";"";"A_GEN_STANDARD";"NO";"";""
"B0GFKLJQFJ";"VLT_ILOVEYOUBECAUSE";"Musemory I Love You Because Jar, Father Day Gifts, 60 Blank Heart Notes, Love Notes, Birthday Gifts for Mom Women Wife Grandma from Son, Romantic Personalized Gift for Wife, Husband";"#FBA";"";"2.5";"";"";"";"";"";"A_GEN_STANDARD";"NO";"";""
"B0H1LN6K74";"250TH_DEVOM_NEVERDORGOTTEN";"Patriotic Military Memorial Decor, Veteran Tribute Tabletop Sign, American Flag Soldier Desk Decor, Memorial Day, Veterans Day Gift, Patriotic Tabletop Decor, American Eagle Freedom Sign, Veteran Memorial Plaque";"#FBA";"";"";"";"";"";"";"";"A_GEN_STANDARD";"NO";"";""
"B0FS68WLRJ";"POSITIVEJAR_BEE";"Musemory Positive Bee Jar, 60 Emotional Support Bee Gifts, Affirmation Cards For Women, Friendship Gift, Quotes Jar, Best Friend Gift, Positive Bee Decor, Positive Bee Decor";"#FBA";"";"1.5";"";"";"";"";"";"A_GEN_STANDARD";"NO";"";""
"B0G38DB4Z4";"VISORCLIP_CLEAR";"Musemory Frame with Car Visor Clip, Picture acrylic Frame for Car, Mommy and Me Picture Frame, Magnetic Car Visor Photo Holder, Gifts for Mom Birthday, Visor Photo Frame";"#FBA";"";"";"";"";"";"";"";"A_GEN_STANDARD";"NO";"";""
"B0CSJZLTP5";"LY-IU2S-D65B";"50 Positive Messages in Bottle,Anxiety Relief Items, Stress Relief, Self Care Kit for Mediation,Positive Affirmation Gifts for Women, Self Care Kit for Mediation, Unique Health and Wellness Gifts";"#FBA";"";"1";"";"";"";"";"";"A_GEN_STANDARD";"NO";"";""
"B0H2LZ5LCX";"250TH_GNOME_USA250";"America 250 Patriotic Gnome Decor, USA 250th Anniversary Decoration 1776-2026, One Nation United Wooden Tabletop Sign, Independence Day Shelf Decor, Patriotic Home Office Mantel Display";"#FBA";"";"";"";"";"";"";"";"A_GEN_STANDARD";"NO";"";""
"B0GV365N6Z";"STK_250_ANNI_2PCS";"Set of 2, 4-8 Inches, USA 250th Anniversary Car Decal, Patriotic Eagle 1776-2026 Sticker, American Flag Auto Decals, Waterproof Vinyl for Cars, Windows, Trucks";"#FBA";"";"1";"";"";"";"";"";"A_GEN_STANDARD";"NO";"";""
"B0H1LHR51Z";"FATHERDAY_DADGIFTFROMDAUGHTER";"Dad Gift from Daughter, Best Dad Ever Tabletop Sign, Father Daughter Acrylic Plaque with Heartfelt Message, Fathers Day Gift for Dad, Birthday Christmas Desk Decor for Home Office";"#FBA";"";"";"";"";"";"";"";"A_GEN_STANDARD";"NO";"";""
"B0F2T9B1Y2";"CS-S8XU-RCDA";"2 PCS Resist Vinyl Sticker Decal, Statue of Liberty New York Vinyl Sticker Decal – 5'' Laptop, Car, Bumper, Travel Luggage Sticker, Resist Sticker";"#FBA";"";"";"";"";"";"";"";"A_GEN_STANDARD";"NO";"";""
"B0FDWNP259";"SCHOOLBOARD_02";"First Day Last Day of School Board Sign for Kids, First Day of Daycare Sign, Back To School Board Sign, Forst Day of School Sign, First Day of School Board - Back to School Kids Supplies Preschool";"#FBA";"";"";"";"";"";"";"";"A_GEN_STANDARD";"NO";"";""
"B0DT9QW3FH";"3N-FE02-6LBQ";"90 Love Notes Jar, Romantic gifts for Her, Girlfriend Wife Husband, Positive Affirmation Cards, Valentines day Gifts for Women, Love for Him";"#FBA";"";"";"";"";"";"";"";"A_GEN_STANDARD";"NO";"";""
"B0DDCKCVPM";"S7-9W42-2X1Q";"Grim Reaper Mirror Peeker Sticker 2 Pcs Funny Halloween Car Decals, Spooky Gothic Rearview Mirror Bumper Stickers, Anti-Fog, Waterproof Film, (Grim Reaper Mirror Peeker, 2.5x3.2in)";"#FBA";"";"";"";"";"";"";"";"A_GEN_STANDARD";"NO";"";""
"B0F18ZH23W";"BIBLEJAR_DAD";"Bible Verse Jar for Dad, Christian Gift for Dad, Inspirational Scriptures for Dad, Fathers Day Gift, Father Day Gifts from Son, Daughter";"#FBA";"";"";"";"";"";"";"";"A_GEN_STANDARD";"NO";"";""
"B0FBM5TDLH";"REWARDJAR_STAR";"Musemory Magnetic Reward Jar, 9"" DIY Name 40+ Tokens Star Face Magnetic Reward Jar Gifts for Classroom, Classroom Management Tool, Reward Jars for Kids Magnetic, Back to School Gift for Kids";"#FBA";"";"3";"";"";"";"";"";"A_GEN_STANDARD";"NO";"";""
"B0H1LJVKCY";"250TH_DEVOM_LANDOFTHEFREE";"Patriotic Eagle Table Decor, Fourth of July Decorations, American Flag Desk Sign, Veteran Memorial Gift, Patriotic Tabletop Decor, American Eagle Freedom Sign, Veteran Memorial Plaque";"#FBA";"";"";"";"";"";"";"";"A_GEN_STANDARD";"NO";"";""
"B0GVZ1733Q";"NURSEBADGEREEL_CUFFEM";"Funny Nurse Badge Reel Retractable ID Holder – Cute Duck Nurse Badge Clip for RN CNA LPN, Medical ID Badge Holder for Scrubs, Gift Idea (Cuff)";"#FBA";"";"";"";"";"";"";"";"A_GEN_STANDARD";"NO";"";""
"B0DT9QCSQN";"CP-E4EK-0HRT";"90 Date Ideas In A Jar, Date Night Ideas, Gifts for Women, Date Ideas, Birthday Gifts for Women, Date Jar Wedding, Date Night Game for Him or Her, Gift for Couples, Positive Affirmation Cards";"#FBA";"";"";"";"";"";"";"";"A_GEN_STANDARD";"NO";"";""
"B0F192CQ83";"HEARTJAR_DAD";"90 Messages in a Jar for Dad with NFC Keychain, Fathers Day Dads Gift, for Dad Husband from Daughter - Son - Wife, Dad Gifts from Daughter, Positive Affirmation Cards";"#FBA";"";"";"";"";"";"";"";"A_GEN_STANDARD";"NO";"";""
"B0FX7MYQCH";"CARVISOR_DRIVERSAFRDAD";"Musemory Frame with Car Visor Clip, Picture acrylic Frame for Car, Mommy and Me Picture Frame, Best Ever Gifts, Gifts for Mom Birthday (Driver Safe Dad)";"#FBA";"";"";"";"";"";"";"";"A_GEN_STANDARD";"NO";"";""
"B0GSDQ2CQ6";"MOTHERDAY_ILOVEYOUMOM";"Reasons Why I Love You Mom Jar, DIY Love Notes in a Jar with Envelopes, What I Love About Mom, Mothers Day Gifts for Mom from Daughter Son, Mother Birthday Gifts";"#FBA";"";"2.5";"";"";"";"";"";"A_GEN_STANDARD";"NO";"";""
"B0FTSDK542";"CROSSCAR_PINKBUTTERFLY";"Christian Floral Cross Car Hanging Ornament – “I Am With You Always” Matthew 28:20 – Rearview Mirror Faith Gift for Women, Butterfly Rose Design, Scripture Card & Gift Box, Drive Safe Blessing Décor";"#FBA";"";"";"";"";"";"";"";"A_GEN_STANDARD";"NO";"";""
"B0FS5VZX1X";"POSITIVEJAR_DUCK";"Musemory 60 Positive Duck Cards Jar, Affirmation Cards For Women, Best Friend Gift, Positive Duck Decor, Duck Gifts for Women, Duck Lovers, Positive Duck";"#FBA";"";"1.5";"";"";"";"";"";"A_GEN_STANDARD";"NO";"";""
"B0FMNWGZH3";"ONM_BOOKSTAINEDGLASS_MICAHOA";"Book Lover Ornament 2025 – Stained Glass Style Ornament for Readers, Book Ornamen Window Hanging, Bookish Gifts for Teacher, Gifts for Bookworms, Women, Teachers, and Friends";"#FBA";"";"";"";"";"";"";"";"A_GEN_STANDARD";"NO";"";""
"B0F7RL4G2Q";"bible jar_daughter";"Read Me When Bible Verse Jar, Bible Accessories, Prayer Jar, Graduation for Her, Christian Gift For Women, Teacher Gifts, Fathers Day Gift For Dad (Bible Jar for Daughter)";"#FBA";"";"";"";"";"";"";"";"A_GEN_STANDARD";"NO";"";""
"B0GVYXMMNX";"NURSEBADGEREEL_STICKEM";"Funny Nurse Badge Reel Retractable ID Holder – Cute Duck Nurse Badge Clip for RN CNA LPN, Medical ID Badge Holder for Scrubs, Gift Idea (Stick)";"#FBA";"";"";"";"";"";"";"";"A_GEN_STANDARD";"NO";"";""
"B0D3PR4S5B";"bile jar-02";"Bible Verse Jar, Christian Gifts for Women, Inspirational Scriptures for Women, Daughters, Bible Accessories, Mothers Day gifts for Mom, Decorative Glass Inspirational Scripture Jar";"#FBA";"";"";"";"";"";"";"";"A_GEN_STANDARD";"NO";"";""
"B0FDPRM245";"POSITIVEJAR_DUMPSTER";"60 Positive Dumpster Fire Jar, Affirmation Cards For Women, Dumpster Fire Gifts, Coworker Gifts for Women, Emotional Support Gift Desk Accessories,";"#FBA";"";"";"";"";"";"";"";"A_GEN_STANDARD";"NO";"";""
"B0FDWNTSR7";"SCHOOLBOARD_01";"Personalized Teacher Door Sign with Writable Name – Custom Boho Classroom Decor, Back to School Welcome Sign for Kindergarten, Preschool, Middle School, Teacher Gift with Desk Stand & Marker";"#FBA";"";"";"";"";"";"";"";"A_GEN_STANDARD";"NO";"";""
"B0FS21WTVQ";"ONM_NATIVITY_RETRO_03";"Three Kings Christmas Ornament 2025, Religious Nativity Ornament with Gift Card, Christian Christmas Tree Decoration, 2025 Christmas Tree Decorations, for Women, Friendship Gifts for Women";"#FBA";"";"";"";"";"";"";"";"A_GEN_STANDARD";"NO";"";""
"B0FXGYCV6F";"POSITIVEJAR_BASKETBALL";"Positive Basketball Jar, 60 Daily Affirmation Cards, 60 Motivational Messages for Players, Kids & Teens, Basketball Gifts For Boys, Friendship Gift, Positive Quotes Jar, Best Friend Gift";"#FBA";"";"";"";"";"";"";"";"A_GEN_STANDARD";"NO";"";""
"B0GVYQNCKJ";"MOTHERDAY_CARD_TIMLEN_GRANDMA";"Musemory Mother’s Day Card for Mom – 3D Heart Handmade Design, Cute Mom Greeting Card, Mother Daughter Love Card, Happy Mother’s Day (Grandma)";"#FBA";"";"";"";"";"";"";"";"A_GEN_STANDARD";"NO";"";""
"B0F7RHY417";"bible jar_05";"Bible Verse Jar for Dad, Bible Accessories, Prayer Jar for Dad, Christian Gifts For Women, Religious Gifts for Men, Christmas for Women, Birthday for Mom";"#FBA";"";"";"";"";"";"";"";"A_GEN_STANDARD";"NO";"";""
"B0FTSC9KTG";"CROSSCAR_BLUEBUTTERFLY";"Cross for Car Mirror Hanging Christian Gifts for Men, Women - Scan Phone for Daily Bible Verse Car Rearview Decor Accessories, Rearview Mirror Faith Gift for Women, Butterfly Rose Design";"#FBA";"";"";"";"";"";"";"";"A_GEN_STANDARD";"NO";"";""
"B0F8N9Z248";"jar_positive candy";"Musemory Positive Candy, 30 Daily Affirmations for Women, Teens, Sweet Positive Affirmation, Cute Motivation Candy Jar, Inspirational Gifts for Teen Girls & Women, Relaxation Stress Relief Gifts";"#FBA";"";"1.5";"";"";"";"";"";"A_GEN_STANDARD";"NO";"";""
"B0FDWR1DSY";"MAGNET_APPLE";"Musemory Personalized Apple Classroom Board, Personalized Teacher Gifts, Teacher Name Sign with Student Pencil Tags – Back to School Classroom Decor, Teacher Appreciation Gift";"#FBA";"";"";"";"";"";"";"";"A_GEN_STANDARD";"NO";"";""
"B0FVNLYKYB";"250TH_ORNAMENT_250YEARSOFFREEDOM";"250 Years of Freedom Ornament 1776-2026, Patriotic Acrylic Hanging Ornament, America 250th Anniversary Decoration, American Flag, Christmas Tree Ornament, Rearview Mirror Car Charm Gift";"#FBA";"";"";"";"";"";"";"";"A_GEN_STANDARD";"NO";"";""
"B0F9PFJ2C9";"POSITIVEJAR_CLOUDSUN";"Musemory 60 Positive Sunshine Cards Jar, Sunshine Gifts, Affirmation Cards Sunshine For Women, Friendship Gift, Positive Decor, Key Chain Sunshine";"#FBA";"";"1.5";"";"";"";"";"";"A_GEN_STANDARD";"NO";"";""
"B0FVM7MRB4";"ONM_ELEPHANT_MOON_01";"Elephant Ornament, Friendship Ornament with Story Card, Friendship Birthday Gifts for Women, Birthday Presents for Best Friends Sister, Sunflower Moon Elephant";"#FBA";"";"";"";"";"";"";"";"A_GEN_STANDARD";"NO";"";""
"B0FR1BQVRY";"CR_IAMWITHYOU";"Cross for Car Mirror Hanging Christian Gifts for Men, Women, Scan Phone for Daily Bible Verse Car Rearview Decor Accessories, Cross for Mirror, Gifts for Christian Men";"#FBA";"";"";"";"";"";"";"";"A_GEN_STANDARD";"NO";"";""
"B0F8VB5FKB";"CARVISOR_MOM";"Musemory Mom Frame with Car Visor Clip, Picture acrylic Frame for Car, Mommy and Me Picture Frame, Best Mom Ever Gifts, Mothers day gifts for Mommy";"#FBA";"";"";"";"";"";"";"";"A_GEN_STANDARD";"NO";"";""
"B0FBM8T1W3";"REWARDJAR_HEART";"Musemory Magnetic Reward Jar, Valentines for Kids Classroom, Classroom Reward Jar, Gifts for Kids Classroom, Classroom Management Tool, Back to School Gift for Kids";"#FBA";"";"3";"";"";"";"";"";"A_GEN_STANDARD";"NO";"";""
"B0FXGWJZL4";"POSITIVEJAR_BASEBALL";"Positive Baseball Affirmation Jar – 60 Motivational Messages for Players, Sports Lovers, Cute Baseball Gift for Kids, Teens, Athletes | Encouragement Jar, Gifts for Teen Boy";"#FBA";"";"";"";"";"";"";"";"A_GEN_STANDARD";"NO";"";""
"B0GFLT2SXJ";"VLT_LOVEJAR";"Musemory Love Affirmation Jar, Valentines Day Gift for Her or Him, 60 Heartfelt Love Notes, Romantic Gift for Wife, Husband, Girlfriend, Boyfriend, Valentines Day Gift";"#FBA";"";"2.5";"";"";"";"";"";"A_GEN_STANDARD";"NO";"";""
"B0F8N9HQHN";"bible jar_bread";"Our Daily Bread Bible Verse Jar, Bible Jar, Christian Gifts for Women, Inspirational Scriptures for Women, Daughters, Bible Accessories, Christian Gift for Young Men or Teen";"#FBA";"";"";"";"";"";"";"";"A_GEN_STANDARD";"NO";"";""
"B0GV37JSMG";"DESK-DECOR_TO-MOM_PINK";"To My Mom Gift from Daughter, Mothers day Gifts, Gift for Mom from Daughter, Mother Daughter Decor Sign, Mom Appreciation Gift, Decorations Best Mom Ever, Mothers day";"#FBA";"";"2";"";"";"";"";"";"A_GEN_STANDARD";"NO";"";""
"B0GRTJ6BCC";"BIBLEJAR_MOM2026";"Read Me When Bible Verse Jar, Bible Accessories, Prayer Jar, Graduation for Her, Christian Gift For Women, Teacher Gifts, Fathers Day Gift For Dad (Bible Jar for Mom)";"#FBA";"";"";"";"";"";"";"";"A_GEN_STANDARD";"NO";"";""
"B0GS5R4ZS6";"HANDPRINT_SIGN_MOM";"Best Mom Ever Wooden Sign, Mother Day Gift for Mom, Personalized Style Wooden Plaque Decor, Hands Down Love Mom Sign, Birthday Gift for Mom, Mom Home Office Desk Decor";"#FBA";"";"";"";"";"";"";"";"A_GEN_STANDARD";"NO";"";""
"B0H2YZR36Q";"250TH_ORNAMENT_ONENATIONUNDERGOD";"One Nation Under God 250 Years of Freedom Ornament 1776-2026, Christian Patriotic Acrylic Hanging Ornament, America 250 Anniversary Decoration, Eagle Cross Liberty Bell, Christmas Tree Ornament Gift";"#FBA";"";"";"";"";"";"";"";"A_GEN_STANDARD";"NO";"";""
"B0FDQCBNZW";"ONM_ELEPHANT_02";"Friendship Elephant Ornament with Story Card, Gifts for Women, Friendship Birthday Gifts for Women, Birthday Presents for Best Friends Sisters Special Bond Decor (Sunflower Elephant)";"#FBA";"";"";"";"";"";"";"";"A_GEN_STANDARD";"NO";"";""
"B0FR177TX3";"CR_ANGELS911";"Musemory Cross for Car Mirror Hanging Christian Gifts for Men, Women - Scan Phone for Daily Bible Verse Car Rearview Decor Accessories, He Will Order His Angels";"#FBA";"";"";"";"";"";"";"";"A_GEN_STANDARD";"NO";"";""
"B0GCBYR6Z7";"VLT_LOVECOUPONS";"Musemory Love Coupons for Couples, Romantic Valentine Gift with 20 Fun Date Night Ideas & 9 Blank Coupons, Cute Love Coupon Book for Him or Her, Valentine Gift for Him";"#FBA";"";"2";"";"";"";"";"";"A_GEN_STANDARD";"NO";"";""
"B0FVMB32R3";"ONM_ELEPHANT_MOON_03";"Elephant Ornament, Friendship Ornament with Story Card, for Daughter, Birthday Presents for Best Friends Sister";"#FBA";"";"";"";"";"";"";"";"A_GEN_STANDARD";"NO";"";""
"B0FQZNFJ88";"CR_TRUSTGOD";"Musemory Cross for Car Mirror Hanging Christian Gifts for Men, Women - Scan Phone for Daily Bible Verse Car Rearview Decor Accessories, Valentines Day Gifts for Men Husband Women";"#FBA";"";"";"";"";"";"";"";"A_GEN_STANDARD";"NO";"";""
"B0GW7GNJD2";"DESK-DECOR_BESTDADEVER";"Best Dad Ever Wooden Plaque Sign, Dad Gifts from Daughter, Father Daughter Keepsake, Fathers Day Gift for Dad, Desk Decor Sign";"#FBA";"";"";"";"";"";"";"";"A_GEN_STANDARD";"NO";"";""
"B0FX413C8M";"ONM_RETIRED";"Officially Retired 2025 Ornament – Funny Retirement Gift for Men & Women – “Not My Problem Anymore” Christmas Tree Decoration with Plaid Bow – Coworker Leaving Gift, Office Farewell 2025";"#FBA";"";"";"";"";"";"";"";"A_GEN_STANDARD";"NO";"";""
"B0FDQCC5MQ";"ONM_ELEPHANT";"Friendship Elephant Ornament with Story Card, Gifts for Women, Friendship Birthday Gifts for Women, Birthday Presents for Best Friends Sisters Special Bond Decor (Orange Wildflower Elephant)";"#FBA";"";"";"";"";"";"";"";"A_GEN_STANDARD";"NO";"";""
"B0F194KGJY";"HEARTJAR_MOM";"90 Love Notes for Mom in a Jar with NFC Keychain, Positive Affirmation Cards, Emotional Support Jar with Daily Affirmations for Women, Birthday Gifts for Mom, Mom Gifts from Daughters";"#FBA";"";"";"";"";"";"";"";"A_GEN_STANDARD";"NO";"";""
"B0DT4QJWHQ";"bible jar_nfc";"Read Me When Bible Verse Jar, Bible Accessories, Prayer Jar, Graduation for Her, Christian Gift For Women, Teacher Gifts, Fathers Day Gift For Dad (Bible Jar Key Chain)";"#FBA";"";"";"";"";"";"";"";"A_GEN_STANDARD";"NO";"";""
"B0FS6B7BN2";"POSITIVEJAR_UNICORN";"Musemory Positive Unicorn Cards in Jar, Affirmation Cards For Women, Friendship Gift, Unicorn Gift, Positive Decor";"#FBA";"";"1.5";"";"";"";"";"";"A_GEN_STANDARD";"NO";"";""
"B0H3V2KYGX";"bible jar_nfc";"Bible Jar With Keychain, Read Me When Bible Verse Jar, Bible Accessories, Prayer Jar, Graduation for Her, Christian Gift For Women, Teacher Gifts, Fathers Day Gift For Dad";"#FBA";"";"";"";"";"";"";"";"A_GEN_STANDARD";"YES";"";""
"B0FTF3VZDH";"CROSSCAR_HEART_MATTHEW";"Musemory Cross for Car Mirror Hanging Christian Gifts for Men, Scan Phone for Daily Bible Verse Car Rearview Decor Accessories, Cross for Mirror, Gifts for Christian Men";"#FBA";"";"";"";"";"";"";"";"A_GEN_STANDARD";"NO";"";""
"B0F8VR6NP1";"CARD_CUTEBABY";"First Fathers Day Card, 1st Fathers Day Card, First Fathers Day Gifts for New Dad, Perfect for Birthday, Father's Day, Humorous Dad Greeting Cards, Gifts for Dad, Fathers Day Gifts First Time Dad";"#FBA";"";"";"";"";"";"";"";"A_GEN_STANDARD";"NO";"";""
"B0FDVJWN86";"BRACELET_BLACK";"Musemory Bible Verse Bracelet For Men Women, Bracelet Wristbands Inspirational, Daily Bible Verse Bracelets for Women, Valentine Gifts For Him and Her, Bracelets Gift Christmas, Bracelets Christian";"#FBA";"";"";"";"";"";"";"";"A_GEN_STANDARD";"NO";"";""
"B0D4MQJGQH";"Dad card";"Fathers Day Card, Fathers Day Cards Bulk, Happy Father's Day Card, Fathers Day Card for Son, Father's Day Cards Bulk, Fathers Day Card Husband (dad card)";"#FBA";"";"";"";"";"";"";"";"A_GEN_STANDARD";"NO";"";""
"B0FGT5CCWQ";"ONM_TURTLE_02";"Sea Turtle Ornaments, Sea Turtle Gifts for Women Men, Suncatcher Ornament with Story Card, Christmas Ornaments for Tree, Sea Lover Gifts, Presents for Friendship";"#FBA";"";"";"";"";"";"";"";"A_GEN_STANDARD";"NO";"";""
"B0FFTFDKDD";"POSITIVEJAR_TURTLEDAUGHTER";"Positive Turtle Jar for Daughter – 60 Uplifting Affirmation Cards, Inspirational Message Notes, Cute Self-Care Gift from Mom or Dad, Daily Encouragement Jar with Handmade Touch";"#FBA";"";"";"";"";"";"";"";"A_GEN_STANDARD";"NO";"";""
"B0DKP4PXXW";"YQ-PMKY-0S9D";"I Smell Snow, Girls Gifts Christmas Ornament, Gifts Women, Christmas Tree Ornament, Friendship Elephant Ornament, Christmas Tree Ornament 2025";"#FBA";"";"";"";"";"";"";"";"A_GEN_STANDARD";"NO";"";""
"B0FS1ZWDBB";"ONM_NATIVITY_RETRO_06";"Elegant Shepherd Christmas Ornament, Angel Christmas Ornaments 2025, Holiday Tree Decoration, Inspired Christmas Decor, Shepherd Ornamen, 4 inch Holiday Hanging Piece";"#FBA";"";"";"";"";"";"";"";"A_GEN_STANDARD";"NO";"";""
"B0GVYVLJ2X";"DESK-DECOR_COGAIOMHOA";"Flower Gifts for Mom, Mothers Day Gifts for Mom, Butterfly Decor for Women, Butterfly Gift for Mom, Butterfly Desk Decor Suncatcher, Butterfly gifts for Mom from Daughter, Mothers Day Gift";"#FBA";"";"";"";"";"";"";"";"A_GEN_STANDARD";"NO";"";""
"B0GVYV3C6C";"DESK-DECOR_BUTTERFLYMOM";"Butterfly Gift for Mom, Butterfly Desk Decor Suncatcher, Butterfly gifts for Mom from Daughter, Mothers Day Gift, Mom Birthday Gifts";"#FBA";"";"1.2";"";"";"";"";"";"A_GEN_STANDARD";"NO";"";""
"B0FTSG9HZQ";"CROSSCAR_SUNFLOWERBUTTERFLY";"Musemory Sunflower Christian Cross Car Hanging Ornament – “I Am With You Always” Matthew 28:20 – Rearview Mirror Faith Gift for Women, Butterfly Floral Design, Scripture Card & Blessing Décor";"#FBA";"";"";"";"";"";"";"";"A_GEN_STANDARD";"NO";"";""
"B0FVMBG4D4";"ONM_ELEPHANT_MOON_02";"Elephant Ornament, Friendship Ornament with Story Card, Friendship Birthday Gifts for Women, Birthday Presents for Best Friends Sister, Sunset Meadow Elephant";"#FBA";"";"";"";"";"";"";"";"A_GEN_STANDARD";"NO";"";""
"B0GCCP9PJS";"VLT_DATENIGHTCOUPON";"Musemory Date Night Coupons for Couples, Romantic Valentine Gift with 20 Fun Date Night Ideas & 9 Blank Coupons, Cute Love Coupon Book for Him or Her, Valentine Gift for Him";"#FBA";"";"2";"";"";"";"";"";"A_GEN_STANDARD";"NO";"";""
"B0FR1M89G4";"CR_STRONGCOURAGE";"Cross for Car Mirror Hanging Christian Gifts for Men, Women - Scan Phone for Daily Bible Verse Car Rearview Decor Accessories, Sticker Trust in God, Cross";"#FBA";"";"";"";"";"";"";"";"A_GEN_STANDARD";"NO";"";""
"B0GRTCMQDD";"BIBLEJAR_DAD2026";"Bible Jar for Dad, Read Me When Bible Verse Jar, Bible Accessories, Prayer Jar, Christian Gift For Dad, Teacher Gifts, Fathers Day Gift For Dad, Father Day Gifts from Son, Daughter";"#FBA";"";"";"";"";"";"";"";"A_GEN_STANDARD";"NO";"";""
"B0FRN3J4JX";"TOKENS";"Musemory Set 20+ Tokens Heart, Tokens Star and Round Tokens for Reward Jar, Smiley Tokens Reward Jar for Kids, Classroom Management Tool, Tokens Reward Jars for Kids Magnetic";"#FBA";"";"1.5";"";"";"";"";"";"A_GEN_STANDARD";"NO";"";""
"B0FDWS4H8V";"BRACELET_PINK";"Musemory Bracelets Christian, Bible Verse Bracelet For Womnen, Bracelet Wristbands Inspirational, Daily Bible Verse Bracelets for Women, Valentine Gifts For Him and Her, Bracelets gift";"#FBA";"";"";"";"";"";"";"";"A_GEN_STANDARD";"NO";"";""
"B0FTFDYS6Y";"CROSSCAR_USA-JOSCHUA1.9";"Daily Bible Verse Rearview Mirror Cross Ornament, Cross for Car Mirror Hanging Christian Gifts for Men, Women, Car Rearview Decor Accessories, Jesus Ornament Religious Gift";"#FBA";"";"";"";"";"";"";"";"A_GEN_STANDARD";"NO";"";""
"B0F192GZRG";"BIBLEJAR_MOM";"Mother Day, Christian Gifts for Mom, Birthday Gifts for Mom, Best Gift For Mom From Daughters, Son, Mothers Day Gift, Bible Verse Jar for Mommy";"#FBA";"";"";"";"";"";"";"";"A_GEN_STANDARD";"NO";"";""
"B0DZWS5XNF";"B2-WBSR-5J3P";"Set 2, Easter Rabbit Decor, Easter Decorations for the Home, Easter Decor, Farmhouse Rabbit Tiered Tray, Bunny Decorations";"#FBA";"";"";"";"";"";"";"";"A_GEN_STANDARD";"NO";"";""
"B0FS254T8G";"ONM_NATIVITY_RETRO_10";"Nativity Scene Ornament, Angel Christmas Ornaments 2025, Religious for Tree Home Christian Faith Gift for Family, Friends, and Church, Angel of Peace Christmas Ornament";"#FBA";"";"";"";"";"";"";"";"A_GEN_STANDARD";"NO";"";""
"B0FS226Z38";"CROSSCAR_ANGELS911_MICADEN";"Cross for Car Mirror Hanging Christian Gifts for Men, Women, Cross for Car Mirror Hanging, Jesus Accessories, Religious Ornament for Truck Driver, Inspirational Bible Verse Gift";"#FBA";"";"";"";"";"";"";"";"A_GEN_STANDARD";"NO";"";""
"B0GFW8QN18";"BOX_TICKET";"Musemory Date Night Ideas Love Ticket Box, Romantic Date Idea Tickets for Couples, Valentine Gift for Him or Her, Long Distance Relationship gifts, Anniversary Date Night Box";"#FBA";"";"2";"";"";"";"";"";"A_GEN_STANDARD";"NO";"";""
"B0FX7VHMC7";"CARVISOR_ILOVEYOU";"Musemory Frame with Car Visor Clip, Picture acrylic Frame for Car, Mommy and Me Picture Frame, Best Ever Gifts, Gifts for Mom Birthday (Driver Safe I LOVE YOU)";"#FBA";"";"";"";"";"";"";"";"A_GEN_STANDARD";"NO";"";""
"B0DKTBWLWD";"UK-1UDA-VSFM";"My Best Friend Ornament for Women, Friendship Christmas Ornament for Women Friends, Friendship Gifts for Women Friend, Funny for Adults, White Elephant Gifts for Adults";"#FBA";"";"";"";"";"";"";"";"A_GEN_STANDARD";"NO";"";""
"B0FN771G36";"POSITIVEJAR_TURTLEBESTIES";"Positive Turtle Jar for Besties – 60 Daily Affirmation Cards, Cute Friendship Gift with Acrylic Keychain & Display Stand, Inspirational Message Jar for Best Friends, Sisters, or Coworkers";"#FBA";"";"";"";"";"";"";"";"A_GEN_STANDARD";"NO";"";""
"B0F8VM1HS2";"Y3-9FHG-0UWD";"Funny Card for Dad from Daughter, Son, Kids on Fathers Day - Heartfelt Message to Father, Perfect for Birthday, Father's Day, Humorous Dad Greeting Cards, Gifts for Dad (Eyes Closed TV Watching)";"#FBA";"";"";"";"";"";"";"";"A_GEN_STANDARD";"NO";"";""
"B0FN789TRQ";"POSITIVEJAR_TURTLEWOMEN";"Positive Turtle Affirmation Jar for Women – 60 Daily Motivational Cards, Self Care & Encouragement Gift with Acrylic Keychain and Display Stand, Inspirational Message Jar for Positivity and Confidence";"#FBA";"";"";"";"";"";"";"";"A_GEN_STANDARD";"NO";"";""
"B0FGTDXPMB";"ONM_TURTLE_01";"Sea Turtle Gifts, Sea Acrylic Suncatcher Ornaments, Turtle Lover Gifts for Women, Christmas Tree Decorations, for Women, Beach Lover Gift";"#FBA";"";"";"";"";"";"";"";"A_GEN_STANDARD";"NO";"";""
"B0FLTZL684";"ONM_ELEPHANT_KIMTUYEN_2PCS";"Pack 2Pcs, for Mom, for Daughter, Elephant Gifts for Women, Friendship Ornament, Friendship Birthday Gifts for Women, Presents for Best Friends Sister";"#FBA";"";"";"";"";"";"";"";"A_GEN_STANDARD";"NO";"";""
"B0FDZ9S1C4";"ONM_ISMELLSNOW";"I Smell Snow Ornament, Idea Gift for Christmas, Christmas Tree Decorations, Ornament Gifts for Women, Collectible Gift for Girls";"#FBA";"";"";"";"";"";"";"";"A_GEN_STANDARD";"NO";"";""
"B0FJRX8G6F";"ONM_DRAGONFLY_01";"Dragonfly Ornament with Story Card – Stained Glass Style Sun Catcher Ornament 2025, Inspirational Gift for Women, Hope and Transformation Decor, Window or Christmas Tree Hanging";"#FBA";"";"";"";"";"";"";"";"A_GEN_STANDARD";"NO";"";""
"B0FM6Z31YH";"ONM_BOOK_CAYTHONG";"Book Lover Ornament 2025 – Stained Glass Style Ornament for Readers, Just One More Chapter Bookmark Included, Gifts for Bookworms, Women, Teachers, and Friends, Book Pine Tree";"#FBA";"";"";"";"";"";"";"";"A_GEN_STANDARD";"NO";"";""
"B0FQZYLMPW";"ONMHLW_GHOST-SWING";"Spooky Home Decor, Ghost Swing, Cute Halloween Kitchen Dercorations, Ghost Decor, Hanging Ghosts Decor, for Women";"#FBA";"";"";"";"";"";"";"";"A_GEN_STANDARD";"NO";"";""
"B0FR169XNP";"ONM_UNICONRN";"Unicorn Christmas Ornament, Unicorn Christmas Tree Ornaments, Christmas Ornaments for Little Girls, Christmas Tree, Christmas Ornament, Hanging Decoration";"#FBA";"";"";"";"";"";"";"";"A_GEN_STANDARD";"NO";"";""
"B0GV371GBW";"CARD_HEART_MOM_02";"Musemory Mother’s Day Card for Mom – 3D Heart Handmade Design, Cute Mom Greeting Card, Mother Daughter Love Card, Happy Mother’s Day, Blank Inside with Envelope, Gift from Daughter";"#FBA";"";"";"";"";"";"";"";"A_GEN_STANDARD";"NO";"";""
"B0FX3T7VLL";"ANSWER_DESK_RATES_GREEN";"Funny Desk Decor, Christmas Table Decor, Boss Day Gifts Decorations, Signs for Office Funny, Desk Accessories for Work, Table Gifts for Boss, for Coworker Answer";"#FBA";"";"";"";"";"";"";"";"A_GEN_STANDARD";"NO";"";""
"B0FX3TGSLM";"ANSWER_DESK_RATES_RED";"Christmas Table Decor, Boss Day Gifts decorations Funny Office Gag Gifts for Coworker Answer Desk Rates Desk Sign for Women Men (Red)";"#FBA";"";"";"";"";"";"";"";"A_GEN_STANDARD";"NO";"";""
"B0FX3S67WZ";"JAR_POSITIVE-BASEBALL";"60 Positive Cards Jar, Affirmation Cards For Women, Friendship Gift, Quotes Jar, Best Friend Gift, Christmas Decor, Christmas Gifts For Women, Positive Decor, Key Chain (Positive Baseball)";"#FBA";"";"";"";"";"";"";"";"A_GEN_STANDARD";"YES";"";""
"B0FX3R8LY7";"JAR_POSITIVE-BASKETBALL";"60 Positive Cards Jar, Affirmation Cards For Women, Friendship Gift, Quotes Jar, Best Friend Gift, Christmas Decor, Christmas Gifts For Women, Positive Decor, Key Chain (Positive Basketball)";"#FBA";"";"";"";"";"";"";"";"A_GEN_STANDARD";"YES";"";""
"B0FX3PZQ3B";"JAR_POSITIVE-FOOTBALL";"60 Positive Cards Jar, Affirmation Cards For Women, Friendship Gift, Quotes Jar, Best Friend Gift, Christmas Decor, Christmas Gifts For Women, Positive Decor, Key Chain (Positive Football)";"#FBA";"";"";"";"";"";"";"";"A_GEN_STANDARD";"YES";"";""
"B0FX3SJC6P";"JAR_POSITIVE-SHARK";"60 Positive Cards Jar, Affirmation Cards For Women, Friendship Gift, Quotes Jar, Best Friend Gift, Christmas Decor, Christmas Gifts For Women, Positive Decor, Key Chain (Positive Shark)";"#FBA";"";"";"";"";"";"";"";"A_GEN_STANDARD";"YES";"";""
"B0FX3XWQBF";"ONM_WHITE_NATIVITY_02";"Nativity Scene Ornament, Christian Gifts for Women, Angel Christmas Ornaments 2025, Religious for Tree Home Christian Faith Gift for Family, Friends, and Church, Christian Families";"#FBA";"";"";"";"";"";"";"";"A_GEN_STANDARD";"NO";"";""
"B0FX3SJT77";"STK_TRUST-IN-GOD";"3 PCS Trust in God Rearview Mirror Sticker, Window Decals Vinyl Car Stickers for Women, Inspirational Mirror Quotes, Car Interior Decor Stickers, Trust in God Mirror Decoration";"#FBA";"";"";"";"";"";"";"";"A_GEN_STANDARD";"NO";"";""
"B0GJ5NQXD7";"EASTER_HEISRISEN_4LAYER";"He Is Risen Easter Decorations, Wooden Empty Tomb Resurrection Scene, Christian Easter Decor, He Is Risen Wooden Easter Decor, Easters gifts for Women";"#FBA";"";"";"";"";"";"";"";"A_GEN_STANDARD";"NO";"";""
"B0GJ5DM9LJ";"EASTER_HEISRISEN_4LAYER_EGG";"He Is Risen Easter Decor, Easter Basket Stuffers Gift, Christian Table Decor, Christian He Is Risen Decorations for Home, Farmhouse Spring Decor, Christian Gift";"#FBA";"";"1.5";"";"";"";"";"";"A_GEN_STANDARD";"NO";"";""
"B0GJ6674T7";"EASTER_HEISRISEN_2LAYER";"He Is Risen Easter Decor, Easter Basket Stuffers Christian Gift, Christian Resurrection Sign with Three Crosses, Wooden Religious Decorations for Home, Faith Inspired Table Decor";"#FBA";"";"1.2";"";"";"";"";"";"A_GEN_STANDARD";"NO";"";""
"B0GJ5NPDNC";"EASTER_HEISRISEN_31X9CM";"He Is Risen Easter Decor, Christian He Is Risen Resurrection Table Sign with Cross Lamb Angel, Christian Table Decor, Religious Farmhouse Spring Decor, Easter Basket Stuffers Gift";"#FBA";"";"1.5";"";"";"";"";"";"A_GEN_STANDARD";"NO";"";""
"B0GJ5SF1DP";"EASTER_HEISRISEN_WREATH";"He is Risen Easter Wreath, Wooden Christian Cross Door Decor with Lily Flowers & Dove, Faith-Inspired Easter Hanging Sign for Front Door, Wall, Farmhouse Spring Decor";"#FBA";"";"";"";"";"";"";"";"A_GEN_STANDARD";"NO";"";""
"B0GJ5PTLN3";"PATRICKDAY_SIGN";"St Patrick’s Day Welcome Door Sign, Shamrock Wooden Wreath for Front Door, St. Patrick’s Day Porch & Entryway Decor, st Patricks Day Decor, St Patricks Day Wreath";"#FBA";"";"";"";"";"";"";"";"A_GEN_STANDARD";"NO";"";""
"B0GJ66K8S8";"EASTER_HEISRISEN_EGG";"He Is Risen Easter Decorations, He is Risen Wooden Egg, Christian Gifts, Christian Easter Table Decor with Crosses, Religious Farmhouse Spring Home Decoration, Easter Decor";"#FBA";"";"1.5";"";"";"";"";"";"A_GEN_STANDARD";"NO";"";""
"B0GXHRF1TW";"";"Butterfly Gift for Mom, Acrylic Butterfly Desk Decor Suncatcher, Meaningful Sentimental Gift for Mom from Daughter, Mothers Day";"";"";"";"";"";"";"";"";"A_GEN_STANDARD";"YES";"";""
"B0FVFP1LJY";"ONM_BIGFOOT";"Bigfoot Christmas Ornament 2025, Funny Sasquatch Ornament for Men, 2025 Christmas Ornament, Christmas Tree Decorations, Meaningful, Perfect for Friends";"#FBA";"";"";"";"";"";"";"";"A_GEN_STANDARD";"NO";"";""
"B0FVFQZY28";"ONM_FUNNYDOG2025";"Funny Dog Christmas Ornament 2025, Christmas Tree Decorations, Meaningful, Perfect for Friends,Gag Gift for Friends, Dog Lovers, Pet Owners, White Ornament for Christmas Tree";"#FBA";"";"";"";"";"";"";"";"A_GEN_STANDARD";"NO";"";""
"B0FVFRG23J";"ONM_RACCOON";"Cute Raccoon Christmas Ornament 2025, Funny Christmas Tree Ornament, Christmas Ornament, Beautiful Ornament for Women, Christmas Tree Decorations, Meaningful, Perfect for Friends";"#FBA";"";"";"";"";"";"";"";"A_GEN_STANDARD";"NO";"";""
"B0FVFQ9263";"ONM_SANTASLEIGHRIDE";"Santa Sleigh Christmas Ornament 2025, Vintage Christmas Tree Ornament, Elegant Santa and Reindeer Night Scene, Christmas Tree Decorations, Meaningful, Perfect for Friends";"#FBA";"";"";"";"";"";"";"";"A_GEN_STANDARD";"NO";"";""
"B0FVFMQCDC";"ONM_STARLITDEER";"Reindeer Ornament 2025, Deer Moonlight Christmas Ornament 2025, Vintage Christmas Tree Decoration, Winter Night Scene Holiday Keepsake Gift, Christmas Ornament";"#FBA";"";"";"";"";"";"";"";"A_GEN_STANDARD";"NO";"";""
"B0FVFP627S";"ONM_STARRYNIGHT";"Starry Night Christmas Tree Ornament 2025, Starry Night Beautiful Christmas Ornaments, Starry Night Gifts, Xmas Tree Decorations, Gift for Coworker, Friends, Christmas Tree Decorations";"#FBA";"";"";"";"";"";"";"";"A_GEN_STANDARD";"NO";"";""
"B0GJDLKDTP";"STKPATRICK_67";"Six Seven St Patrick's Day, Meme 67 St Patrick's Day, 67 Shamrock Stickers, 67 Shamrock, Lucky 67 Meme Stickers (Meme 67)";"#FBA";"";"";"";"";"";"";"";"A_GEN_STANDARD";"NO";"";""
"B0GJDHSMX9";"STKPATRICK_LUCKY";"St Patrick’s Day Stickers, Shamrock & Lucky Clover Stickers, Sheet Sticker Pack for Classroom, Sticker Pack for Party Favors, Planners & Holiday Decorations";"#FBA";"";"";"";"";"";"";"";"A_GEN_STANDARD";"NO";"";""
"B0FR1K4J75";"ONM_DINOSAUR";"Dinosaur Christmas Ornament with Story Card, 2025 Christmas Tree Decorations, Dinosaur Ornaments for Tree, Christmas Tree, Christmas Ornament";"#FBA";"";"";"";"";"";"";"";"A_GEN_STANDARD";"NO";"";""
"B0GCCLVN25";"CARDVLT_PIECELOVE";"Musemory Valentines Day Card For Him Her, Valentines Day Gifts, Birthday Cards for Women, Sweet Cards for Couples, Husband, Wife, Boyfriend, Girlfriend, Card Piece Love";"#FBA";"";"";"";"";"";"";"";"A_GEN_STANDARD";"NO";"";""
"B0GC97NS5Q";"CARDVLT_YOUWONMYHEART_WHITE";"Musemory Valentines Day Card For Him Her, Valentines Day Gifts, Birthday Cards for Women, Sweet Cards for Couples, Husband, Wife, Boyfriend, Girlfriend (You Won)";"#FBA";"";"";"";"";"";"";"";"A_GEN_STANDARD";"NO";"";""
"B0GC8WJX4G";"CARDVLT_MYMAINSQUEEZE";"Musemory Valentines Day Card For Him Her, Valentines Day Gifts, Birthday Cards for Women, Sweet Cards for Couples, Husband, Wife, Boyfriend, Girlfriend";"#FBA";"";"";"";"";"";"";"";"A_GEN_STANDARD";"NO";"";""
"B0GCC23RGM";"VLT_DATECOUPON";"Musemory Love Coupon Gift for Him or Her, Meaningful Valentines Day, Anniversary or Birthday Gift for Boyfriend Girlfriend Husband Wife, Romantic Valentine Gift for Him or Her (Date Coupons)";"#FBA";"";"2";"";"";"";"";"";"A_GEN_STANDARD";"NO";"";""
"B0GCCTY36J";"CARDVLT_MYEVERYTHING";"Musemory Valentines Day Card For Him Her, Valentines Day Gifts, Birthday Cards for Women, Sweet Cards for Couples, Husband, Wife, Boyfriend, Girlfriend";"#FBA";"";"";"";"";"";"";"";"A_GEN_STANDARD";"NO";"";""
"B0GCC6BBD2";"CARDVLT_YOUWONMYHEART_RED";"Musemory Valentines Day Card For Him Her, Valentines Day Gifts, Birthday Cards for Women, Sweet Cards for Couples, Husband, Wife, Boyfriend, Girlfriend (Red)";"#FBA";"";"";"";"";"";"";"";"A_GEN_STANDARD";"NO";"";""
"B0FQZYG5V6";"CR_GODGREATER";"Musemory Cross for Car Mirror Hanging Christian Gifts for Men, Women - Scan Phone for Daily Bible Verse Car Rearview Decor Accessories,";"#FBA";"";"";"";"";"";"";"";"A_GEN_STANDARD";"NO";"";""
"B0D7CHV2XG";"Uncommingled.MSKU.1718721401383";"Musemory Car Visor Picture Frame, Wooden Visor Clip Photo Frame, Car Visor Picture Holder, Car Mirror Decor Hanging, Rear View Mirror Accessories Decor, (I love you to the moon and back, 01)";"#FBA";"";"";"";"";"";"";"";"A_GEN_STANDARD";"NO";"";""
"B0CN3CNTZH";"HH.TH-LOVE";"88 Tonkin 7th Copper Happy Anniversary Card - 7 Year Handmade Anniversary Cards for Wife, Husband - Copper Wire Love Card for Her, Him - Bronze Wedding Anniverary Card (7th, Love)";"#FBA";"";"";"";"";"";"";"";"A_GEN_STANDARD";"NO";"";""
"B0CM2C6FQF";"HH.TH-TIM01F";"88Tonkin 7th Copper Happy Anniversary Card - 7 Year Handmade Anniversary Cards for Wife, Husband - Copper Wire Love Card for Her, Him - Bronze Wedding Anniverary Card (7th, Heart-shape)";"#FBA";"";"";"";"";"";"";"";"A_GEN_STANDARD";"NO";"";""
"B0FTSJ7HJV";"ONM_BASEBALL";"3D Sports Balls Christmas Tree, Football Decor, Baseball Decor, Holiday Decor, Funny Christmas Ornaments, Christmas Ornaments, 2025 Holiday Sports Decorations, Gifts for Fans (Baseball)";"#FBA";"";"";"";"";"";"";"";"A_GEN_STANDARD";"NO";"";""
"B0FTSKC5YR";"ONM_BASEBALL01";"3D Sports Balls Christmas Tree, Football Decor, Baseball Decor, Holiday Decor, Funny Christmas Ornaments, Christmas Ornaments, 2025 Holiday Sports Decorations, Gifts for Fans (Baseball Ornament)";"#FBA";"";"";"";"";"";"";"";"A_GEN_STANDARD";"NO";"";""
"B0FTSLC922";"ONM_BASKETBALL";"3D Sports Balls Christmas Tree, Football Decor, Baseball Decor, Holiday Decor, Funny Christmas Ornaments, Christmas Ornaments, 2025 Holiday Sports Decorations, Gifts for Fans (Basketball)";"#FBA";"";"";"";"";"";"";"";"A_GEN_STANDARD";"NO";"";""
"B0FTSG23RP";"ONM_FOOTBALL";"3D Sports Balls Christmas Tree, Football Decor, Baseball Decor, Holiday Decor, Funny Christmas Ornaments, Christmas Ornaments, 2025 Holiday Sports Decorations, Gifts for Fans (Football)";"#FBA";"";"";"";"";"";"";"";"A_GEN_STANDARD";"NO";"";""
"B0FTDXTDHF";"";"Daily Bible Verse Rearview Mirror Cross Ornament, CROS for Car Mirror Hanging Christian Gifts for Men, Women, Car Rearview Decor Accessories, Jesus Ornament Religious Gift";"";"";"";"";"";"";"";"";"A_GEN_STANDARD";"YES";"";""
"B0FX3V89GJ";"STK_HELLO-BEAUTIFUL";"3 PCS Hello Beautiful Rearview Mirror Decal, Window Decals Vinyl Car Stickers for Women, Inspirational Mirror Quotes, Vanity & Car Interior Decor Stickers";"#FBA";"";"";"";"";"";"";"";"A_GEN_STANDARD";"NO";"";""
"B0FX41M9CC";"ONM_FUNNY-SANTA";"Funny Christmas Ornaments 2025, Christmas Gag Gift for Adults, Secret Santa Exchange, Meme Wooden Christmas 67, Trending Christmas Tree Decor 2025";"#FBA";"";"";"";"";"";"";"";"A_GEN_STANDARD";"NO";"";""
"B0FX3XWC1X";"ONM_WHITE_NATIVITY_03";"Nativity Scene Ornament, Christian Gifts for Women, Angel Christmas Ornaments 2026, Religious for Tree Home Christian Faith Gift for Family, Friends, and Church, Christian Families";"#FBA";"";"";"";"";"";"";"";"A_GEN_STANDARD";"NO";"";""
"B0FX3TX521";"STK_DRIVE-SAFE";"Set 3 I Love You Drive Safe Mirror Sticker, Sticker Christmas, Rearview Mirror, Window Decals Vinyl Car Stickers for Women, Stickers for Women, Cars Decals";"#FBA";"";"";"";"";"";"";"";"A_GEN_STANDARD";"NO";"";""
"B0GV2Z2YQT";"CARD_HEART_MOM_01";"Musemory Mother’s Day Card for Mom – 3D Heart Handmade Design, Cute Mom Greeting Card, Mother Daughter Love Card, Happy Mother’s Day";"#FBA";"";"";"";"";"";"";"";"A_GEN_STANDARD";"NO";"";""
"B0FM7789M3";"ONM_BOOK_HEART_01";"Book Lover Ornament 2025, Heart Bookshelf Ornament, Just One More Chapter Bookmark, Book Lover Gifts for Women, Readers, Teachers, Librarians, Wooden Bookish Christmas Ornament 2025";"#FBA";"";"";"";"";"";"";"";"A_GEN_STANDARD";"NO";"";""
"B0FM775S5N";"ONM_BOOK_HEART_02";"Books Wooden Ornament – Double-Layer Heart Shaped Bookshelf, Bookish Gifts Christmas Ornament, Booked for Christmas Ornaments Gifts";"#FBA";"";"";"";"";"";"";"";"A_GEN_STANDARD";"NO";"";""
"B0FJRTSGFK";"ONM_BOOK_IHAVECONTROL";"Christmas Tree Decorations, Christmas Ornaments, Ornament Gifts for Women, Mom, Dad, 2025 Christmas Ornaments (Book)";"#FBA";"";"";"";"";"";"";"";"A_GEN_STANDARD";"NO";"";""
"B0FDQFF6P5";"ONM_BUS_01";"Christmas Ornaments, Ornaments for Christmas Tree, Christmas Tree Decorations, Christmas Ornaments, Ornament Gifts for Women, 2025 Christmas Ornaments (Bus Driver)";"#FBA";"";"";"";"";"";"";"";"A_GEN_STANDARD";"NO";"";""
"B0FDQCF5WC";"ONM_BUS_02";"Nativity Scene Ornament, Angel Christmas Ornaments 2025, Religious for Tree Home Christian Faith Gift for Family, Friends, and Church (Best Bus Driver)";"#FBA";"";"";"";"";"";"";"";"A_GEN_STANDARD";"NO";"";""
"B0FMNHDRKS";"ONM_CAYTHONGMICA_GO";"Christmas Tree Decorations, Christmas Ornaments, Ornament Gifts for Women, Mom, Dad, 2025 Christmas Ornaments (Christmas Tree)";"#FBA";"";"";"";"";"";"";"";"A_GEN_STANDARD";"NO";"";""
"B0FGJLYRZP";"ONM_CEIL BLUE";"Scrub Life Nurse Ornament 2025 – Cute Nurse Scrubs Ornament with Bow, for Nurses, Nursing Student Graduation Gift, Healthcare Worker Appreciation Decoration";"#FBA";"";"";"";"";"";"";"";"A_GEN_STANDARD";"NO";"";""
"B0FHCTVQFB";"ONM_DUMPSTER_02";"Dumpster Fire Christmas Ornaments 2025, Christmas Tree Decorations, Dumpster Fire Gifts for Men and Women, Unique New Year Decor, Funny Holiday Decoration, Hanging Ornament";"#FBA";"";"";"";"";"";"";"";"A_GEN_STANDARD";"NO";"";""
"B0FHD11BW2";"ONM_Dumpster_01";"Funny Dumpster Fire Ornament, 2025 Christmas Ornament, 2025 Christmas Tree Decorations, for Women, Christmas Tree, Christmas Ornament, Hanging Decoration";"#FBA";"";"";"";"";"";"";"";"A_GEN_STANDARD";"NO";"";""
"B0FDQFXLDN";"ONM_ELEPHANT_03";"Friendship Elephant Ornament with Story Card, Gifts for Women, Friendship Birthday Gifts for Women, Birthday Presents for Best Friends Sisters Special Bond Decor (2pcs Elephants)";"#FBA";"";"";"";"";"";"";"";"A_GEN_STANDARD";"NO";"";""
"B0FP4HYDGL";"ONM_ELEPHANT_GLITTER_PURPLE_1PCS";"Friendship Elephant Ornament, Meaningful Christmas Ornaments, Best Friends Sisters, Elephant Ornament, Christmas Ornament 2025, Friendship Gifts for Women";"#FBA";"";"";"";"";"";"";"";"A_GEN_STANDARD";"NO";"";""
"B0FP4H64YY";"ONM_ELEPHANT_GLITTER_PURPLE_2PCS";"Elephant Friendship Ornament – Sisterhood Gift for Best Friends, Women, Coworkers, Support, Encouragement Token with Story Card, Best Friend Birthday Gifts for Women";"#FBA";"";"";"";"";"";"";"";"A_GEN_STANDARD";"NO";"";""
"B0FLTSQDW7";"ONM_ELEPHANT_KIMTUYEN_1PCS";"Friendship Elephant Ornament, Meaningful Christmas Ornaments with Story Card, Elephant Ornament, for Women, Christmas Ornament 2025, Friendship Gifts for Women";"#FBA";"";"";"";"";"";"";"";"A_GEN_STANDARD";"NO";"";""
"B0DKBJNRQM";"IK-GFE5-CKTK";"Wedding Gifts for Couples 2024, Mr and Mrs Gifts, Wedding Gifts for Bride, Bridal Shower Gifts, First Christmas Married Ornament 2024, Glass Ornament, Just Married Glass Ornament 2024.";"#FBA";"";"";"";"";"";"";"";"A_GEN_STANDARD";"NO";"";""
"B0DK1F19D4";"JC-BB1O-65LG";"Funny Christmas Ornaments 2025, Dog Ornaments, Unique Hilarious Christmas Decorations, Funny Christmas Ornaments, White Elephant Gifts";"#FBA";"";"";"";"";"";"";"";"A_GEN_STANDARD";"NO";"";""
"B0DK18MKRR";"JM-BR6C-0L3T";"First Christmas Married Ornament 2024 - Just Married Glass Ornament for Couple, Mr & Mrs Gifts, Wedding Shower";"#FBA";"";"";"";"";"";"";"";"A_GEN_STANDARD";"NO";"";""
"B0DNCNNMPC";"JN-KWXT-RAZ9";"Christmas Ornament 2025, Religious Christmas Ornament, Nativity Xmas Tree Decorations, Friendship Elephant Ornament, White Elephant Gifts for Adults, Religious Gifts for Women";"#FBA";"";"";"";"";"";"";"";"A_GEN_STANDARD";"NO";"";""
"B0DTG3GRZQ";"K0-BORW-NLGZ";"Musemory Daily Love Bracelet Scan NFC, Valentines day Gifts for Women, Scripture Bracelets Scan Phone For Prayer, Wearable Love Faith Wristbands, Devotional God Band For Men";"#FBA";"";"";"";"";"";"";"";"A_GEN_STANDARD";"NO";"";""
"B0DJGSX2BB";"KN-RC2U-BH38";"New Baby Coming Soon 2025 Ornament, Pregnant Christmas Ornament 2024 for Husband Mom, Expecting Parents to Be Unique Gifts Baby Announcement Ideas, Expecting Parents, New Mom to Be";"#FBA";"";"";"";"";"";"";"";"A_GEN_STANDARD";"NO";"";""
"B0FGN9LW5C";"MAP_SCRATCHMAPSTICKER";"Musemory Scratch Off Map of United States, USA State Scratch Sticker, Travel Map Gift Adventure Wall Poster for Adults, Travel Tracking Wall Art";"#FBA";"";"";"";"";"";"";"";"A_GEN_STANDARD";"NO";"";""
"B0F2DGZYLX";"MOM_TURTLE";"Mom Turtles with NFC, Positive Emotional Turtle, Gifts for Mom, Handmade Emotional Positive Crochet Turtle, Birthday Mothers Day";"#FBA";"";"";"";"";"";"";"";"A_GEN_STANDARD";"YES";"";""
"B0DK4MBP88";"NY-C5V0-L3J4";"First Christmas Married Ornament 2024 Wedding Gifts for Couple, Mr and Mrs Gifts, Wedding Shower Gifts, Wedding Ornament, 2-Layer Wood Ornament";"#FBA";"";"";"";"";"";"";"";"A_GEN_STANDARD";"NO";"";""
"B0DCFLXQLY";"OK-CJE7-2OTJ";"Engagement Gifts for Couples Our First Christmas Engaged, Christmas Tree Engaged Ornament Gift for Newlywed Couple 2024 - Engaged Ornament 2024 Acrylic";"#FBA";"";"";"";"";"";"";"";"A_GEN_STANDARD";"NO";"";""
"B0FJY3MZQJ";"ONM_BIKINI_LEOPARD";"Funny Friendship Ornament Set, for Women, Funny Christmas Ornament with Story Card, Friendship Gift for Sisters, Coworkers, A Good Friend is Like a Good Bra & Knickers";"#FBA";"";"";"";"";"";"";"";"A_GEN_STANDARD";"NO";"";""
"B0FJY4JNXJ";"ONM_BIKINI_RAINBOW";"Christmas Tree Decorations, Christmas Ornaments, Ornament Gifts for Women, Mom, Dad, 2025 Christmas Ornaments (Pack of 2 Funny)";"#FBA";"";"";"";"";"";"";"";"A_GEN_STANDARD";"NO";"";""
"B0FGJRHYVR";"ONM_BOOKDRAGON";"Book Dragon Decor, Christmas Tree Decorations, Christmas Ornaments, Ornament Gifts for Women, Book Lover Gift, Dragon Sun Catcher Ornament, Dragon Suncatcher for Window";"#FBA";"";"";"";"";"";"";"";"A_GEN_STANDARD";"NO";"";""
"B0FM6WQHLN";"ONM_BOOKDRAGON_01";"Book Lover Ornament 2025, Book Dragon Ornament, Stained Glass Fantasy Christmas Ornament with Bookmark Card, Dragon Gifts for Readers, Book Lovers";"#FBA";"";"";"";"";"";"";"";"A_GEN_STANDARD";"NO";"";""
"B0FM6JGFLX";"ONM_BOOKDRAGON_02";"Book Lover Ornament 2025 – Stained Glass Style Ornament for Readers, Just One More Chapter Bookmark Included, Gifts for Bookworms, Women, Teachers, and Friends (Dragon Bookshelf)";"#FBA";"";"";"";"";"";"";"";"A_GEN_STANDARD";"NO";"";""
"B0FM6SRJPL";"ONM_BOOKDRAGON_03";"Book Lover Ornament 2025 – Stained Glass Style Ornament for Readers, Just One More Chapter Bookmark Included, Gifts for Bookworms, Women, Teachers, and Friends (Red Dragon Bookshelf)";"#FBA";"";"";"";"";"";"";"";"A_GEN_STANDARD";"NO";"";""
"B0FMND6MY3";"ONM_MEMORIAL_REDCARDINAL";"Cardinal Red Gift, Red Cardinal Ornament, Christmas Ornaments with Story Card, 2025 Christmas Tree Decorations, Christmas Tree, Christmas Ornament, Memorial Gifts";"#FBA";"";"";"";"";"";"";"";"A_GEN_STANDARD";"NO";"";""
"B0FDW36VMM";"ONM_FUNNY_ISAWTHAT";"Christmas Tree Decorations, Christmas Ornaments, Ornament Gifts for Women, Mom, Dad, 2025 Christmas Ornaments (I Saw)";"#FBA";"";"";"";"";"";"";"";"A_GEN_STANDARD";"NO";"";""
"B0FDWCK3D7";"ONM_FUNNY_SNOWMAN";"Christmas Tree Decorations, Christmas Ornaments, Ornament Gifts for Women, Mom, Dad, 2025 Christmas Ornaments (Snowman)";"#FBA";"";"";"";"";"";"";"";"A_GEN_STANDARD";"NO";"";""
"B0FGTJ8X1D";"ONM_NURSE_HEART_01";"Nurse Appreciation Christmas Ornament, Meaningful Christmas Ornaments with Story Card, 2025 Christmas Tree Decorations, for Women, Friendship Gifts for Women";"#FBA";"";"";"";"";"";"";"";"A_GEN_STANDARD";"NO";"";""
"B0FGJRJFGZ";"ONM_ROYAL BLUE SCRUB";"Nurse Ornament, Christmas Ornament, New Nurse Gift, Meaningful Christmas Ornaments with Story Card, 2025 Christmas Tree Decorations, Friendship Gifts for Women";"#FBA";"";"";"";"";"";"";"";"A_GEN_STANDARD";"NO";"";""
"B0F9DT6QZG";"POSITIVE_TURTLE";"Positive Turtles with NFC, Positive Emotional Turtle, Gifts for Mom, Handmade Emotional Positive Crochet Turtle, Birthday Mothers Day, Coolest Men Gifts, Birthday Gifts, Gifts from Daughter";"#FBA";"";"";"";"";"";"";"";"A_GEN_STANDARD";"YES";"";""
"B0DK2YHM21";"PP-3RBD-QSIL";"2025 Grandparents Gifts - First Time Grandparents Pregnancy Announcement Ornament for New Grandma and Grandpa to Be";"#FBA";"";"";"";"";"";"";"";"A_GEN_STANDARD";"NO";"";""
"B0F24L6SS3";"PST_DUCK";"Musemory Positive Crochet Duck Handmade Emotional Uplifting Support Decor, Birthday Gifts for Women, Gifts for Women Home Decor";"#FBA";"";"";"";"";"";"";"";"A_GEN_STANDARD";"YES";"";""
"B0FMNGN14T";"ONM_TURTLE_03";"Turtle Journey Ornament – Sea Turtle Encouragement Gift with Story Card, Inspirational Keepsake for Women Friends, Christmas Ornaments, Ornament Gifts for Women, Mom, Dad,";"#FBA";"";"";"";"";"";"";"";"A_GEN_STANDARD";"NO";"";""
"B0FDQ5662Y";"POSITIVEJAR_POO";"set 60 Positive Poo Cards Jar, Affirmation Cards, Positive Decor, Emotional Support Poop, Gag for Women, Poop Gifts for Adults Funny";"#FBA";"";"";"";"";"";"";"";"A_GEN_STANDARD";"NO";"";""
"B0FDZPQ5LB";"SCHOOLBOARD_03";"Musemory First and Last Day of School Chalkboard Sign for Kids, Reusable School Photo Prop with Chalk Surface, First Day of Kindergarten Preschool Board, Back to School Sign";"#FBA";"";"";"";"";"";"";"";"A_GEN_STANDARD";"NO";"";""
"B0F17K3PV8";"STK-ELM-01";"2pcs Elon Bumper Stickers, No Elon Sticker, Musk Tesla Bumper Sticker, Waterproof Window Bumper Stickers for Cars, Anti Elon Stickers,Tesla Bumper Sticker (No Elon Sticker)";"#FBA";"";"";"";"";"";"";"";"A_GEN_STANDARD";"YES";"";""
"B0F17MHT27";"STK-ELM-02";"2pcs Elon Bumper Stickers, No Elon Sticker, Musk Tesla Bumper Sticker, Waterproof Window Bumper Stickers for Cars, Anti Elon Stickers,Tesla Bumper Sticker (Elon was Black & White)";"#FBA";"";"";"";"";"";"";"";"A_GEN_STANDARD";"YES";"";""
"B0F1F8J7KK";"STK-ELM-03";"2pcs Elon Bumper Stickers, No Elon Sticker, Musk Tesla Bumper Sticker, Waterproof Window Bumper Stickers for Cars, Anti Elon Stickers,Tesla Bumper Sticker (No Elon Sticker_01)";"#FBA";"";"";"";"";"";"";"";"A_GEN_STANDARD";"YES";"";""
"B0F1N1HJC5";"STK-ELM-04";"2pcs Elon Bumper Stickers, No Elon Sticker, Musk Tesla Bumper Sticker, Waterproof Window Bumper Stickers for Cars, Anti Elon Stickers,Tesla Bumper Sticker (Anti Elon Sticker)";"#FBA";"";"";"";"";"";"";"";"A_GEN_STANDARD";"YES";"";""
"B0F1N1BYQD";"STK-ELM-05";"2pcs Elon Bumper Stickers, No Elon Sticker, Musk Tesla Bumper Sticker, Waterproof Window Bumper Stickers for Cars, Anti Elon Stickers,Tesla Bumper Sticker (Evict Elon Sticker)";"#FBA";"";"";"";"";"";"";"";"A_GEN_STANDARD";"NO";"";""
"B0F27N6F71";"STK-ELM-06";"2pcs Elon Bumper Stickers, No Elon Sticker, Musk Tesla Bumper Sticker, Waterproof Window Bumper Stickers for Cars, Anti Elon Stickers,Tesla Bumper Sticker (Eco Friendly)";"#FBA";"";"";"";"";"";"";"";"A_GEN_STANDARD";"NO";"";""
"B0F28KPM7V";"STK_ELONMN_01";"Funny Elon Musk Sticker Magnet, Vintage Pre-Madness Edition, Regret Magnet for Cars & Trucks, Elon Musk Fan Club Accessories";"#FBA";"";"";"";"";"";"";"";"A_GEN_STANDARD";"YES";"";""
"B0F28M3X6M";"STK_ELONMN_02";"Funny Elon Musk Sticker Magnet, Vintage Pre-Madness Edition, Regret Magnet for Cars & Trucks, Elon Musk Fan Club Accessories, Anti Elon Musk Club MagnetNo Elon Sticker";"#FBA";"";"";"";"";"";"";"";"A_GEN_STANDARD";"YES";"";""
"B0F2LZKQ6D";"STK_ELONMN_03";"Funny Elon Musk Sticker Magnet, Vintage Pre-Madness Edition, Regret Magnet for Cars & Trucks, Elon Musk Fan Club Accessories, Elon Musk Club MagnetNo Elon Sticker";"#FBA";"";"";"";"";"";"";"";"A_GEN_STANDARD";"YES";"";""
"B0F1Y5PNMH";"STK_PELON_01";"2pcs Elon Bumper Stickers, No Elon Sticker, Musk Tesla Bumper Sticker, Waterproof Window Bumper Stickers for Cars, Anti Elon Stickers,Tesla Bumper Sticker (Vintage Pre Madness)";"#FBA";"";"";"";"";"";"";"";"A_GEN_STANDARD";"YES";"";""
"B0F1Y7L4WD";"STK_PELON_02";"2pcs Elon Bumper Stickers, No Elon Sticker, Musk Tesla Bumper Sticker, Waterproof Window Bumper Stickers for Cars, Anti Elon Stickers,Tesla Bumper Sticker (Here for Zero)";"#FBA";"";"";"";"";"";"";"";"A_GEN_STANDARD";"NO";"";""
"B0F1Y7PDKZ";"STK_PELON_03";"2pcs Elon Bumper Stickers, No Elon Sticker, Musk Tesla Bumper Sticker, Waterproof Window Bumper Stickers for Cars, Anti Elon Stickers,Tesla Bumper Sticker (A Good Idea)";"#FBA";"";"";"";"";"";"";"";"A_GEN_STANDARD";"NO";"";""
"B0D7C5Q8DY";"T5-4K0Q-OFN0";"Happy First Day Of School Cards, First Day At Kindergarten Gift, Good Luck Card with Cute Star Keyring, Back to School Card for Kids, Congratulations Card, Back to School Gifts for Girls Boys (star, 01)";"#FBA";"";"";"";"";"";"";"";"A_GEN_STANDARD";"YES";"";""
"B0DK9DQT7Q";"T8-7P2R-KF2B";"Christmas Ornaments 2025, White Elephant Gifts Car Interiors Decors, Acrylic Christmas Tree Suncatcher Effect, Stained Glass Style Hanging Ornaments, Acrylic Christmas Ornaments for Tree Hanging";"#FBA";"";"";"";"";"";"";"";"A_GEN_STANDARD";"NO";"";""
"B0F7RL9BV3";"bible jar_06";"Read Me When Bible Verse Jar, Bible Accessories, Prayer Jar, Graduation for Her, Christian Gift For Women, Teacher Gifts, Fathers Day Gift For Dad (Bible Jar With Cross)";"#FBA";"";"";"";"";"";"";"";"A_GEN_STANDARD";"NO";"";""
"B0CYSZ52TR";"1st-Mother-Card-Heart";"Happy first mothers day card, Mothers Day Cards for Mom, Happy Mothers Day Card, Mothers Day Card for Daughter, Mother's Day Cards.";"#FBA";"";"";"";"";"";"";"";"A_GEN_STANDARD";"YES";"";""
"B0D3FBDKHQ";"A+M_yarnholder";"Yarn Holder, Yarn Spinner, Yarn Holder for Crocheting, Crochet Yarn Holder, Yarn Ball Holder, Yarn Spinner for Crocheting, Portable Wrist Yarn Holder,Portable Yarn Holder, (yarn holder, yarn holder)";"#FBA";"";"";"";"";"";"";"";"A_GEN_STANDARD";"YES";"";""
"B0D1DZW7G4";"A.LeatherTag";"Set of 10 Custom Handmade Leather Engrave Tags, 3.2 * 0.8inch Leather Tags With Rivets, Handmade Tags For Knitting And Crochet, Suitable For Diy On All Kinds Of Jeans Bags Shoes (Custom Leather Tags)";"#FBM";"";"";"";"";"";"";"";"A_GEN_STANDARD";"NO";"";""
"B0D7D2H11D";"A.M.KA.beautiful";"Musemory Car Visor Picture Frame, Wooden Visor Clip Photo Frame, Car Visor Picture Holder, Car Mirror Decor Hanging, Rear View Mirror Accessories Decor, (Hello beautiful, 01)";"#FBA";"";"";"";"";"";"";"";"A_GEN_STANDARD";"NO";"";""
"B0D3M1DXR1";"A.TH01_TH3daghep";"3 Year Anniversary Card, 3rd Wedding Anniversary Ideas, 3rd Anniversary Leather Gifts For Couple, Him, Her, Husband, Wife, Men, Women, Best Leather Gift For Traditional Wedding Anniversary By Year";"#FBA";"";"";"";"";"";"";"";"A_GEN_STANDARD";"NO";"";""
"B0CYZD7VXJ";"A.YarnHolder";"Yarn Holder, Yarn Spinner, Yarn Holder for Crocheting, Crochet Yarn Holder, Yarn Ball Holder, Yarn Spinner for Crocheting, Portable Wrist Yarn Holder, Portable Yarn Holder (Wooden Yarn Holder)";"#FBA";"";"";"";"";"";"";"";"A_GEN_STANDARD";"YES";"";""
"B0DTT7TSK4";"bookmark01";"Jesus Love You Bookmark, Jesus Bookmark,Themed Bookmark, Book Marks for Reading Men, Booktok Gifts, Book Accessories for Reading Lovers";"#FBA";"";"";"";"";"";"";"";"A_GEN_STANDARD";"NO";"";""
"B0DTSYLDXP";"bookmark02";"Bookmark, Wooden Cat,Themed Bookmark, You Pawsed Here,Cat Paws Bookmark (is That Smut_02)";"#FBA";"";"";"";"";"";"";"";"A_GEN_STANDARD";"NO";"";""
"B0DTT988YH";"bookmark03";"Bookmark, Wooden Cat,Themed Bookmark, You Pawsed Here,Cat Paws Bookmark (Cat Yellow Bookmark)";"#FBA";"";"";"";"";"";"";"";"A_GEN_STANDARD";"NO";"";""
"B0DTT7T3WF";"bookmark04";"Bookmark, Wooden Cat,Themed Bookmark, You Pawsed Here,Cat Paws Bookmark (Cat Gray Bookmark)";"#FBA";"";"";"";"";"";"";"";"A_GEN_STANDARD";"NO";"";""
"B0FB97QNPX";"Q5-G9XU-PX5K";"Anti Elon Sticker, No Elon Sticker, Anti Elon Musk Magnet, Funny Anti Elon Vintage Pre Madness Edition Magnets (Fan Club)";"#FBA";"";"";"";"";"";"";"";"A_GEN_STANDARD";"YES";"";""
"B0DCFFN99K";"QF-C4Q0-FFSZ";"Engagement Gifts for Couples, Our First Christmas Married Ornament 2024, First Christmas Married Ornament, 1st Christmas As Mr and Mrs, Newlywed Gifts for Couples 2024, Bridal Shower Wedding Gifts";"#FBA";"";"";"";"";"";"";"";"A_GEN_STANDARD";"NO";"";""
"B0DKP5B7P5";"R8-IE43-8G53";"Ornaments Highland Cow Gifts for Women, Farmhouse Christmas Cow Decor, Christmas Tree Ornament, Friendship Elephant Ornament, Highland Cow Gifts, Highland Cow Decor";"#FBA";"";"";"";"";"";"";"";"A_GEN_STANDARD";"NO";"";""
"B0F5GTP4CQ";"RB-24YB-4EBS";"Wooden Dad Photo Frame, Dad Birthday Gifts from Daughter, Reveal Picture Frame for Dad, Hidden Message Appears with Fire, Unique Father’s Day Gift, Emotional Surprise for Dad";"#FBA";"";"";"";"";"";"";"";"A_GEN_STANDARD";"NO";"";""
"B0FHGVJ9W2";"REWARDJAR_CUSTOM";"Magnetic Reward Jar, Personalized Tokens Reward Jar for Kids, DIY, Reward Jar, Classroom Management Tool, Reward Jars for Kids Magnetic, Back to School Gift for Kids";"#FBM";"";"";"";"";"";"";"";"A_GEN_STANDARD";"NO";"";""
"B0DLGWMBLY";"UL-HWP3-RJVL";"Christmas Ornaments 2024, Christmas Tree Decor, Stained Glass Style for Tree Decor 2024, Christmas Tree Forest Ornaments Round, Friendship Elephant Ornament, White Elephant Gifts for Adults";"#FBA";"";"";"";"";"";"";"";"A_GEN_STANDARD";"NO";"";""
"B0DKTJ1MZ3";"YY-WXLP-V4U9";"Wood Layered Book Tree Ornament - Book Lovers Gift Ideas for Women, Christmas Decor";"#FBA";"";"";"";"";"";"";"";"A_GEN_STANDARD";"NO";"";""
"B0DNXK67X3";"ZJ-I9LF-Q9ZA";"Funny Ornaments, Rockin' Santa Plays Guitar, Naughty Ugly Christmas Ornaments Acrylic, Christmas Ornament 2025, Unique Christmas Ornaments, Inappropriate Gifts, White Elephant Gifts.";"#FBA";"";"";"";"";"";"";"";"A_GEN_STANDARD";"NO";"";""
"B0F7RH1W11";"bible jar _women";"Read Me When Bible Verse Jar, Bible Accessories, Prayer Jar, Graduation for Her, Christian Gift For Women, Teacher Gifts, Fathers Day Gift For Dad (Bible Jar for Women)";"#FBA";"";"";"";"";"";"";"";"A_GEN_STANDARD";"NO";"";""
"B0CRQCZ5F6";"Customize Golf Ball Marker";"Monogrammed Custom Golf Ball Marker - Pack 2 Leather Personalized Golf Ball Markers Personalized Golf Accessories for Men Gift Personalized Golf Gifts for Men Golfers (Customize)";"#FBM";"";"";"";"";"";"";"";"A_GEN_STANDARD";"NO";"";""
"B0DK3RF8MN";"E5-Z74J-20PV";"Baby's First Christmas Ornament 2024, Friendship Elephant Ornament, Glass Baby's First Christmas Tree Decorations, White Elephant Gifts for Adults, Family of 3 Christmas Ornaments 2024";"#FBA";"";"";"";"";"";"";"";"A_GEN_STANDARD";"NO";"";""
"B0CSK1XKG7";"Golf marker FBA";"Monogrammed Custom Golf Ball Marker - Pack 2 Leather Personalized Golf Ball Markers Personalized Golf Accessories For Men Gift Personalized Golf Gifts For Men Golf Gifts For Men Golfers (Tan_Blank)";"#FBA";"";"";"";"";"";"";"";"A_GEN_STANDARD";"NO";"";""
"B0CSBZ4Y1K";"Golf marker FBM";"Monogrammed Custom Golf Ball Marker - Pack 2 Leather Personalized Golf Ball Markers Personalized Golf Accessories For Men Gift Personalized Golf Gifts For Men Golf Gifts For Men Golfers (Customize)";"#FBM";"";"";"";"";"";"";"";"A_GEN_STANDARD";"NO";"";""
"B0DJFKX4DX";"H8-K0HI-SGSP";"Christmas Ornaments Snowman 2025, Christmas Tree Decor, White Elephant Gifts for Women, Christmas Tree Forest Ornaments Round, Christmas Ornaments 2025";"#FBA";"";"";"";"";"";"";"";"A_GEN_STANDARD";"NO";"";""
"B0D3B7DBHT";"M.Tagda";"Set of 10 Custom Handmade Leather Engrave Tags, 3.2 * 0.8inch Leather Tags With Rivets, Handmade Tags, Suitable For Diy On All Kinds Of Jeans Bags Shoes (Custom Leather Tags)";"#FBM";"";"";"";"";"";"";"";"A_GEN_STANDARD";"NO";"";""
"B0D4T68CL4";"M.Tagleather";"Handmade Crochet Ring, Crochet Ring for Finger, Mothers Day Gifts, Crochet Accessories, Crochet Gifts, Crochet Supplies, Yarn Tension Ring For Crochet, CrochetCrochet Ring (Set 10 of Engrave Tags)";"#FBM";"";"";"";"";"";"";"";"A_GEN_STANDARD";"NO";"";""
"B0DDCLP5HJ";"S5-791T-6ZV0";"Halloween Pumpkin Mirror Peeker Sticker 2 Pcs Funny Halloween Car Decals, Spooky Gothic Pumpkin Shape (Pumpkin Mirror Peeker, 3.4x3in)";"#FBA";"";"";"";"";"";"";"";"A_GEN_STANDARD";"NO";"";""
"B0DKP5RM88";"ZH-570Z-417O";"Jesus I Saw That Ornament, Funny Christmas Ornaments 2024, Funny for Adults Men Women, Funny Jesus Ornament, Unique Ornaments for Gift Exchange,Ornament";"#FBA";"";"";"";"";"";"";"";"A_GEN_STANDARD";"YES";"";""
"B0DNDRZNBL";"98-RO9L-OTD9";"Christmas Ornament, President 2024 President Gift, White Elephant Gifts Idea";"#FBA";"";"";"";"";"";"";"";"A_GEN_STANDARD";"YES";"";""
"B0DLFN7B33";"HA-0LND-2E8T";"Christmas Tree Ornaments, Cute Funny Christmas Ornament, New Upgrade Wood Christmas Tree Decorations, OH Christmas Tree! Snack Cake Ornament.";"#FBA";"";"";"";"";"";"";"";"A_GEN_STANDARD";"YES";"";""
"B0DYSY48V7";"STICKER_TRUMP_01";"2PCS Bumper Sticker 2025, 5 x 6 Stickers, 2025 Bumper Sticker, Funny Decal Vinyl for Car, Truck, Window, Laptop, Great Gift for Any Patriot, Polyvinyl Chloride for Car";"#FBA";"";"";"";"";"";"";"";"A_GEN_STANDARD";"YES";"";""
"B0DNZ5K468";"XH-9RZI-G9O2";"Friendship Elephant Ornament, Wooden Christmas Ornament with Story, Sisterhood Elephant Ornament for Women Tribe, Friendship Elephant Ornament, White Elephant Gifts for Adults";"#FBA";"";"";"";"";"";"";"";"A_GEN_STANDARD";"YES";"";""
"B0DNN2W74Z";"2X-KAF1-NPWF";"Daddy's Home Ornament, President Christmas Decorations, President Ornaments for Christmas Tree";"#FBA";"";"";"";"";"";"";"";"A_GEN_STANDARD";"YES";"";""
"B0DNZF5F23";"CB-PX2I-XCYK";"Stand with Trmp Car Sticker, Bulletproof Trup Sticker, Fight for America Sticker, President Trmp Sticker, Waterproof Sticker, Trup 2024 Bumper Sticker for Car, Motorcycle, House, Windows, Laptop";"#FBA";"";"";"";"";"";"";"";"A_GEN_STANDARD";"YES";"";""
"B0DNXG1SXB";"K4-NDN8-LORL";"Trmp Christmas Ornament, Election Result Map President Acrylic Ornament, Fight for America, Presidential Acrylic Shaped Ornament and Decor for Supporters, Donald Trmp 2024";"#FBA";"";"";"";"";"";"";"";"A_GEN_STANDARD";"YES";"";""
"B0DMFCVX5W";"BC-Q8JT-2OVN";"Trump Christmas Ornaments 2024, Trump Vance'24 Ornament, Trump Ornament, Santa Trump Christmas Ornament, Trump 2024 President Gift, Donald Trump Ornament, Secret Santa Gifts, Trump Gifts";"#FBA";"";"";"";"";"";"";"";"A_GEN_STANDARD";"YES";"";""
"B0DNN28P15";"JZ-STXW-WSMK";"President Christmas Ornaments 2024, President I'll Be Home for Chistmas Ornament, President Ornaments for Christmas Tree, You Missed Ornament,";"#FBA";"";"";"";"";"";"";"";"A_GEN_STANDARD";"YES";"";""
"B0D5CH8MVY";"A.TH01_TH10TIM";"Musemory 10 Year Anniversary Gifts for Him, Leather Gifts for Her, Wife, Husband, Couple, Women, Men, 10th Anniversary, Happy Anniversary Card For Traditional Wedding Anniversary By Year";"#FBA";"";"";"";"";"";"";"";"A_GEN_STANDARD";"YES";"";""
"B0DMF8GP12";"LB-OZFQ-VM0X";"President Christmas Ornaments 2024, Take America Back, Funny Gifts for Women Men Friends,Christmas Ornaments 2024, President Ornament, Secret Santa Gifts";"#FBA";"";"";"";"";"";"";"";"A_GEN_STANDARD";"YES";"";""
"B0DNZH42FL";"81-LZ43-VKLG";"Bumper Stickers, 45 47 Car Decal, Waterproof Sticker, Bumper Sticker for Car, Truck, Motorcycle, House, Windows, Laptop";"#FBA";"";"";"";"";"";"";"";"A_GEN_STANDARD";"YES";"";""
"B0DNXDY7PD";"TD-1KQV-6NQF";"Musemory Trump 2024 Election Ornament, 'I'll Be Home' Christmas Decor, Acrylic Material, Red, White, Blue, Patriotic, Christmas, Anniversary";"#FBA";"";"";"";"";"";"";"";"A_GEN_STANDARD";"YES";"";""
"B0D3FCYVTT";"A.TH01_TH13yren";"13th Anniversary Card Gifts, Lace Anniversary Card, Leather Happy Anniversary Card Gifts For Him, Her, Husband, Wife, Couple, Men, Women, Love Card For Her, Traditional Wedding Anniversary By Year";"#FBA";"";"";"";"";"";"";"";"A_GEN_STANDARD";"YES";"";""
"B0CQ4DT8CB";"M.TH01_Thieptim";"7th Wedding Anniverary Card to Husband, Copper Gifts, 7 Year Anniversary for Him, Iron Anniversary Card Gifts for Him, Parents Christmas Gifts for Son, Daughter, Bronze Love Card for Her, Him";"#FBA";"";"";"";"";"";"";"";"A_GEN_STANDARD";"YES";"";""
"B0DNZJMS5C";"LU-ROAR-888B";"2024 Take America Back Vinyl Stickers Waterproof Decal, Stickers and Decals, 2024 Bumper Sticker for Car, Truck, Motorcycle, House, Windows, Laptop";"#FBA";"";"";"";"";"";"";"";"A_GEN_STANDARD";"YES";"";""
"B0D7CHV2XG";"A.M.KA.moon";"Musemory Car Visor Picture Frame, Wooden Visor Clip Photo Frame, Car Visor Picture Holder, Car Mirror Decor Hanging, Rear View Mirror Accessories Decor, (I love you to the moon and back, 01)";"#FBA";"";"";"";"";"";"";"";"A_GEN_STANDARD";"YES";"";""
"B0DMF8WPHX";"7M-7NBI-YHXE";"Christmas Ornaments 2024, Ornament Christmas, Santa President Christmas Ornament, President 2024 President Gift, President Gifts";"#FBA";"";"";"";"";"";"";"";"A_GEN_STANDARD";"YES";"";""
"B0CQ4DT8CB";"A.TH01_Thieptim";"7th Wedding Anniverary Card to Husband, Copper Gifts, 7 Year Anniversary for Him, Iron Anniversary Card Gifts for Him, Parents Christmas Gifts for Son, Daughter, Bronze Love Card for Her, Him";"#FBA";"";"";"";"";"";"";"";"A_GEN_STANDARD";"YES";"";""
"B0CQ4G817S";"M.TH01_Thieplove";"7th Wedding Anniverary Card to Husband, Copper Gifts, 7 Year Anniversary for Him, Iron Anniversary Card Gifts for Him, Parents Christmas Gifts for Son, Daughter, Bronze Love Card for Her, Him";"#FBA";"";"";"";"";"";"";"";"A_GEN_STANDARD";"YES";"";""
"B0DMF8W4HH";"UA-NPJI-K9RZ";"Stand with Trump Ornaments, Trump Ornament 2024, Donald Trump Gifts, Bulletproof Trump Ornament,";"#FBA";"";"";"";"";"";"";"";"A_GEN_STANDARD";"YES";"";""
"B0CQ4G817S";"A.TH01_Thieplove";"7th Wedding Anniverary Card to Husband, Copper Gifts, 7 Year Anniversary for Him, Iron Anniversary Card Gifts for Him, Parents Christmas Gifts for Son, Daughter, Bronze Love Card for Her, Him";"#FBA";"";"";"";"";"";"";"";"A_GEN_STANDARD";"YES";"";""
"B0DP8P4YYN";"YL-RPRR-99UV";"You Missed Bitches, Ornaments for Christmas Tree,2024 President Gift, Santa Christmas Ornament, White Elephant Gifts Idea";"#FBA";"";"";"";"";"";"";"";"A_GEN_STANDARD";"YES";"";""
"B0F28JY7Z4";"";"Anti Elon Sticker, No Elon Sticker, Anti Elon Musk Magnet, Funny Anti Elon Vintage Pre Madness Edition Magnets";"";"";"";"";"";"";"";"";"A_GEN_STANDARD";"YES";"";""
"B0FD3FN188";"";"2pcs Elon Bumper Stickers, No Elon Sticker, Musk Tesla Bumper Sticker, Waterproof Window Bumper Stickers for Cars, Anti Elon Stickers,Tesla Bumper Sticker";"";"";"";"";"";"";"";"";"A_GEN_STANDARD";"YES";"";""
"B0FDWT8RKQ";"";"Bible verse bracelets Christian Bracelet Bible Verse Wristbands With NFC music Inspirational Daily Bible Verse Bracelets for Women Men Teens Valentine Gifts For Him and Her";"";"";"";"";"";"";"";"";"A_GEN_STANDARD";"YES";"";""
"B0FL2JXJ8Y";"";"Nursing 2025 Graduation Gift, Nurse Ornament, Nurse Christmas Ornament, New Nurse Gift, Graduation Ornament, Graduation Gift, Nurse Gifts for Women, Nurses Week Gifts";"";"";"";"";"";"";"";"";"A_GEN_STANDARD";"YES";"";""
"B0FJRX8S5Y";"";"Dragonfly Gift for Women with Inspirational Card, Stained Glass-Style Acrylic Ornament, Dragonfly Ornament for Christmas Tree, Spiritual Gift for Mom, Grandma, Friend";"";"";"";"";"";"";"";"";"A_GEN_STANDARD";"YES";"";""
"B0FGX5M2R7";"";"Best Friend Birthday Gifts for Women, Friendship Elephant Ornament with Story Card, Friendship Gifts for Women, Birthday Presents for Best Friends Sisters";"";"";"";"";"";"";"";"";"A_GEN_STANDARD";"YES";"";""
"B0FP4HY6PQ";"";"Elephant Ornament with Story Card, Elephant Ornament, Sisterhood Gifts for Women, Friendship Ornaments for Women Friends, Sisterhood Elephant, Friendship Gift Card";"";"";"";"";"";"";"";"";"A_GEN_STANDARD";"YES";"";""
"B0FLTHMCTD";"";"Elephant Ornament with Story Card, Best Friends Ornament for Women, Christmas Gifts Ideas for Women Friends, Holiday Present Ideas";"";"";"";"";"";"";"";"";"A_GEN_STANDARD";"YES";"";""
"B0FN7861N6";"";"Positive Affirmation Cards, Emotional Support Jar with Daily Affirmations for Women, Teen Girls & Teachers. Funny Encouraging Gift";"";"";"";"";"";"";"";"";"A_GEN_STANDARD";"YES";"";""
"B0GCXTTMBJ";"CHARM_LUCKY_CLOVER";"Musemory 2PCS Set Lucky Charm Gifts Crochet 4 Leaf Clover, Good Luck Charm Cards, St. Patrick's Day Gifts, Lucky Charm, Cute Crocheted Irish Clover Pocket Hug Token";"#FBA";"";"1.5";"";"";"";"";"";"A_GEN_STANDARD";"NO";"";""
"B0GJJVCJDK";"VLT_2PCS_BOOKMARK_ILOVEYOU";"Heart Leather Bookmark for Book Lovers – Cute Gold Foil Book Marker, Romantic Heart Page Marker, Gift for Readers, Students, Teachers, Bible Study, Valentine Gift (I Love You)";"#FBA";"";"";"";"";"";"";"";"A_GEN_STANDARD";"NO";"";""
"B0H2Z5BYJZ";"250TH_ORNAMENT_GODBLESSAMERICA";"United States 250th Anniversary Ornament, Patriotic Eagle Christmas Ornament, Double-Sided Printed 2D Acrylic Keepsake, 1776-2026 America 250 Years of Freedom USA Merchandise (Christian Patriotic)";"#FBA";"";"";"";"";"";"";"";"A_GEN_STANDARD";"NO";"";""
"B0FS5LWQY1";"ONM_SANTA";"Santa 2025 Ornament, Santa Ornament, Meaningful Christmas Ornaments with Story Card, 2025 Christmas Tree Decorations, Gift for Women, Friendship Gifts for Women";"#FBA";"";"";"";"";"";"";"";"A_GEN_STANDARD";"NO";"";""
"B0FTTTJMDT";"BIBLEJAR_CHRISTMASFORWOMEN";"Red Bible Verse Jar, Bible Accessories, Prayer Jar, Graduation for Her, Christian Gifts For Women, Valentines Day Gifts for Women, Valentines Day for Him";"#FBA";"";"";"";"";"";"";"";"A_GEN_STANDARD";"NO";"";""
"B0FS67KP6M";"";"60 Positive Cards Jar, Affirmation Cards For Women, Friendship Gift, Quotes Jar, Best Friend Gift, Positive Decor, Christmas Gifts For Women";"";"";"";"";"";"";"";"";"A_GEN_STANDARD";"YES";"";""
"B0FX3YLNGY";"";"Christmas Ornament, White Nativity Design, Religious Christmas Ornament, Hanging Ornament, Acrylic, 2025, 4 INCH, for Holiday Party";"";"";"";"";"";"";"";"";"A_GEN_STANDARD";"YES";"";""
"B0FXB6C4KC";"ONM_HIGHLAND-COW";"Highland Cow Christmas Ornament, Cute Cow in Santa Hat & Sweater, Rustic Farmhouse Holiday Decor, Funny Animal Ornament Gift for Country Lovers, Farmers & Family";"#FBA";"";"";"";"";"";"";"";"A_GEN_STANDARD";"NO";"";""
"B0FXKL7CC6";"ONM_FUNNYCAT2025";"Funny Cat Butt 2025 Christmas Ornament, Cute Lover Gift, Double Layer Wooden Ornament with Bow, Humorous Pet Ornament for Cat Moms, Friends, Animal Lovers";"#FBA";"";"";"";"";"";"";"";"A_GEN_STANDARD";"NO";"";""
"B0D8H8BBC1";"";"Marco de fotos para visera de coche, marco de fotos de madera con clip para visera, soporte para fotos de visera de coche, decoración de espejo de coche, accesorios para espejo retrovisor, decoración";"";"";"";"";"";"";"";"";"A_GEN_STANDARD";"YES";"";""
"B0GS5TK265";"BOOKMARK_CHRISTIAN_BIBLE";"Heart Leather Bookmark for Book Lovers – Cute Gold Foil Book Marker, Romantic Heart Page Marker, Gift for Readers, Students, Teachers, Bible Study, Valentine Gift (Christian Bible)";"#FBA";"";"";"";"";"";"";"";"A_GEN_STANDARD";"NO";"";""
"B0FRMM98TM";"REWARDJAR_SPORTS";"Magnetic Reward Jar, Personalized Sports Tokens Reward Jar for Kids, DIY, Classroom Reward Jar, Classroom Management Tool, Reward Jars for Kids Magnetic (Sports Tokens)";"#FBA";"";"3.5";"";"";"";"";"";"A_GEN_STANDARD";"NO";"";""
"B0FXGWK9FV";"POSITIVEJAR_FOOTBALL";"Positive Football Affirmation Jar, 60 Motivational Messages for Players, Kids, Sports Fans, Coach Gift, Football party Decor";"#FBA";"";"";"";"";"";"";"";"A_GEN_STANDARD";"NO";"";""
"B0FXGVVPLH";"POSITIVEJAR_GINGERBREAD";"Positive Gingerbread Jar, 60 Sweet Affirmation Cards, Cute Christmas Gift for Women, Kids, Friends, Holiday Self Care, Positivity Jar with Acrylic Keychain, Perfect Christmas Stocking Stuffer";"#FBA";"";"";"";"";"";"";"";"A_GEN_STANDARD";"NO";"";""
"B0FXGYJRHT";"POSITIVEJAR_SANTA";"Positive Santa Jar – 60 Merry Affirmation Cards, Cute Christmas Gift for Women, Friends & Kids, Fun Holiday Positivity Jar with Acrylic Keychain, Perfect Stocking Stuffer or Secret Santa Gift";"#FBA";"";"";"";"";"";"";"";"A_GEN_STANDARD";"NO";"";""
"B0FXGVR2JQ";"POSITIVEJAR_SHARK";"Positive Shark Affirmation Jar – 60 Daily Motivation Cards for Kids, Teens & Ocean Lovers | Cute Shark Gift for Positivity, Mindfulness & Encouragement | Jar with Keychain & Display Stand";"#FBA";"";"";"";"";"";"";"";"A_GEN_STANDARD";"NO";"";""
"B0FXGZTG3Y";"POSITIVEJAR_SNOWMAN";"Positive Snowman Jar – 60 Uplifting Christmas Affirmation Cards, Holiday Self-Care Gift for Women, Friends & Kids, Cute Winter Positivity Jar with Acrylic Keychain, Perfect Stocking Stuffer";"#FBA";"";"";"";"";"";"";"";"A_GEN_STANDARD";"NO";"";""
"B0FS1VZ3SJ";"ONM_NATIVITY_RETRO_09";"Nativity Scene Ornament, Angel Christmas Ornaments 2025, Nativity Christmas Ornament, Religious for Tree Home Christian Faith Gift for Family, Friends, and Church Members";"#FBA";"";"";"";"";"";"";"";"A_GEN_STANDARD";"NO";"";""
"B0FS1XV8LQ";"ONM_TREE_WHITE";"White Christmas Tree Ornament 2025, Elegant Holiday Ornament with Greeting Card, Luxury Christmas Tree Decoration, First Christmas Ornament 2025";"#FBA";"";"";"";"";"";"";"";"A_GEN_STANDARD";"NO";"";""
"B0FS261TXL";"ONM_NATIVITY_RETRO_02";"Angel Christmas Ornament 2025, 2025 Christmas Tree Decorations, Religious Christmas Ornament for Women, Faith-Inspired Holiday Decor, Friendship Gifts for Women";"#FBA";"";"";"";"";"";"";"";"A_GEN_STANDARD";"NO";"";""
"B0FS1VK7X9";"ONM_NATIVITY_BLUE_01";"Nativity Ornament 2025, Religious Christmas Decorations for Christian Families, Catholic Gifts for Christmas Tree, 2025 Christmas Tree Decorations, for Women, Friendship Gifts for Women";"#FBA";"";"";"";"";"";"";"";"A_GEN_STANDARD";"NO";"";""
"B0FS1TGQHQ";"ONM_SANTA_01";"Nativity Ornament 2025 – Holy Family Christmas Ornament with Story Card, Religious Christmas Decorations for Christian Families, Catholic Gifts for Christmas Tree";"#FBA";"";"";"";"";"";"";"";"A_GEN_STANDARD";"NO";"";""
"B0FTD7ZH25";"ONM_ELEPHANT_2PCS-SILVER";"Set2 Elephant Ornament, Meaningful Christmas Ornaments with Story Card, 2025 Christmas Tree Decorations, Elephant for Women, Christmas Tree, Friendship Gifts for Women";"#FBA";"";"";"";"";"";"";"";"A_GEN_STANDARD";"NO";"";""
"B0F9VVSL24";"";"Marco musemory con clip para visera de coche, marco acrílico para coche, marco de fotos de mamá y mí, regalos para mamá, cumpleaños";"";"";"";"";"";"";"";"";"A_GEN_STANDARD";"YES";"";""
"B0GVYQ32K3";"MOTHERDAY_CARD_TIMLEN_MOM";"Musemory Mother’s Day Card for Mom – 3D Heart Handmade Design, Cute Mom Greeting Card, Mother Daughter Love Card, Happy Mother’s Day (Mom)";"#FBA";"";"";"";"";"";"";"";"A_GEN_STANDARD";"NO";"";""
"B0GVYRBWXK";"MOTHERDAY_CARD_TIMLEN_MOMMY";"Musemory Mother’s Day Card for Mom – 3D Heart Handmade Design, Cute Mom Greeting Card, Mother Daughter Love Card, Happy Mother’s Day (Mommy)";"#FBA";"";"";"";"";"";"";"";"A_GEN_STANDARD";"NO";"";""
"B0FS1S221L";"ONM_WINTER_VILLAGE";"Reindeer Ornament 2025, Holiday Collectible Decoration, 2025 Christmas Ornament, Reindeer Tree Ornament, Deer Scene, Holiday Tree Decoration, Cozy Winter Landscape Keepsake";"#FBA";"";"";"";"";"";"";"";"A_GEN_STANDARD";"NO";"";""
"B0FS1TGQHQ";"NATIVITY_RETRO_01";"Nativity Ornament 2025 – Holy Family Christmas Ornament with Story Card, Religious Christmas Decorations for Christian Families, Catholic Gifts for Christmas Tree";"#FBA";"";"";"";"";"";"";"";"A_GEN_STANDARD";"NO";"";""
"B0FS252TJ7";"ONM_NATIVITY_BLUE_07";"Nativity Scene Ornament, Angel Christmas Ornaments 2025, Religious for Tree Home Christian Faith Gift for Family, Friends, and Church (Heavenly Night)";"#FBA";"";"";"";"";"";"";"";"A_GEN_STANDARD";"NO";"";""
"B0FS1Z79CW";"ONM_NATIVITY_BLUE_02";"Gold Ribbon Christmas Ornament, 3D Effect Flat Ornaments, Holy Family Christmas Ornament, Angel Ornaments 2025, Ribbon Ornament, Gold Ornament, Premium Vintage-Style Christmas";"#FBA";"";"";"";"";"";"";"";"A_GEN_STANDARD";"NO";"";""
"B0FTKP2GGD";"GG-ITCF-R90U";"Bible Verse Jar, Bible Accessories, Prayer Jar, Graduation for Her, Christian Gifts For Women, Religious Gifts for Women (Bible Jar Christmas)";"#FBA";"";"";"";"";"";"";"";"A_GEN_STANDARD";"NO";"";""
"B0H1LMRMX3";"250TH_DEVOM_250YEARSFREEDOM1776-2026";"Patriotic Tabletop Decor, American Eagle Freedom Sign, Veteran Memorial Plaque, USA Independence Day Desk Decoration, Rustic 4th of July Tiered Tray Decor for Home Office Shelf (Plaque)";"#FBA";"";"";"";"";"";"";"";"A_GEN_STANDARD";"NO";"";""
"B0H1LFYVBQ";"DEVOM_CHRISTIANBUTTERFLYDECOR";"Christian Butterfly Wall Decor for Girls & Women – “God Says You Are” Inspirational Bible Verse Plaque, Floral Religious Decor with Scripture, Pink Faith Based Bedroom Nursery Home Decoration";"#FBA";"";"";"";"";"";"";"";"A_GEN_STANDARD";"NO";"";""
"B0FR4V45LH";"";"Christmas Ornaments, Ornaments for Christmas Tree, Christmas Tree Decorations, Christmas Ornaments, Ornament Gifts for Women, 2025 Christmas Ornaments";"";"";"";"";"";"";"";"";"A_GEN_STANDARD";"YES";"";""
"B0FS1ZZ1ZC";"CROSSCAR_GODGREATER_MICADEN";"Cross for Car Mirror Hanging Christian Gifts for Men, Women, Cross for Car Mirror Hanging, Jesus Accessories, Religious Ornament for Truck Driver, Inspirational Bible Verse Gift";"#FBA";"";"";"";"";"";"";"";"A_GEN_STANDARD";"NO";"";""
"B0FS228D79";"CROSSCAR_STRONGCOURAGE_MICADEN";"Cross for Car Mirror Hanging Christian Gifts for Men, Religious Ornament for Truck Driver, Car Cross Hanging Accessories, Christmas Decorations";"#FBA";"";"";"";"";"";"";"";"A_GEN_STANDARD";"NO";"";""
"B0FN7TSZGJ";"BIBLEJAR_CHRISTMARS_CUON";"Bible Verse Jar Christmas, Bible Accessories, Prayer Jar, Graduation for Her, Christian Gifts For Women, Religious Gifts for Women, Gift Exchange";"#FBA";"";"";"";"";"";"";"";"A_GEN_STANDARD";"NO";"";""
"B0FN7VYN28";"BIBLEJAR_CHRISTMARS_GAP";"Valentine day Gift for Her, Bible Jar Gifts for Exchange, Christian Gifts for Women, Inspirational Scriptures for Her, Daughters, Bible Valentine Accessories, Religious gift for women";"#FBA";"";"";"";"";"";"";"";"A_GEN_STANDARD";"NO";"";""
"B0F5VMKR31";"CARD_DAD";"AR Dad Birthday Card from Daughter, Funny Birthday Card for Dad, Happy Birthday Dad Card with Video Message, 3D Fathers Day Card, Birthday Gifts from Daughter, Card and Envelope Set";"#FBA";"";"";"";"";"";"";"";"A_GEN_STANDARD";"NO";"";""
"B0F5V9C58F";"CARD_MOM";"AR Greeting Card for Mom, Mother's Day Greeting Card, Mothers Day Card with Envelop, Mother’s Day Card for Mom, Mom Birthday Card from Daughter, Birthday Card for Mom";"#FBA";"";"";"";"";"";"";"";"A_GEN_STANDARD";"NO";"";""
"B0F8VQBF73";"CARD_TRUMPDAD";"Funny Card for Dad from Daughter, Son, Kids on Fathers Day - Heartfelt Message to Father, Perfect for Birthday, Father's Day, Humorous Dad Greeting Cards, Gifts for Dad";"#FBA";"";"";"";"";"";"";"";"A_GEN_STANDARD";"YES";"";""
"B0F9FKMPR4";"CARD_TRUMP_GREATDAD";"Funny Fathers Day Card for Dad, Fathers Day Cards, Hilarious Father's Day Card from Daughter, Funny Fathers Day Card, Fathers Day Card for Husband, Heartfelt Message to Father, Perfect for Birthday";"#FBA";"";"";"";"";"";"";"";"A_GEN_STANDARD";"YES";"";""
"B0FTDH3M54";"ONM_DOG-SANTA";"Funny Pet Ornament Gift for Dog Mom, Dog Christmas Tree Ornament, 2025 Christmas Tree Decorations, Friendship Gifts for Women";"#FBA";"";"";"";"";"";"";"";"A_GEN_STANDARD";"NO";"";""
"B0FTDWPXS6";"ONM_ELEPHANT_2PCS-PURPLE";"Set 2 Elephant Ornament, Meaningful Christmas Ornaments with Story Card, 2025 Christmas Tree Decorations, Elephant Sisterhood for Women, Christmas Tree, Friendship Gifts for Women";"#FBA";"";"";"";"";"";"";"";"A_GEN_STANDARD";"NO";"";""
"B0GJ5P3BJ1";"";"He Is Risen Easter Decorations, Wooden Empty Tomb Resurrection Scene, Christian Easter Table Decor with Crosses, Religious Farmhouse Spring Home Decoration";"";"";"";"";"";"";"";"";"A_GEN_STANDARD";"YES";"";""
"B0DLFVV3L5";"0G-QH0H-75A5";"Christmas Ornaments, Neighbor Gifts I Wish You Lived Next Door, Ornament Round Wood Plaque Christmas Decorations, Best New Home Xmas Tree, White Elephant Gifts for Adults";"#FBA";"";"";"";"";"";"";"";"A_GEN_STANDARD";"NO";"";""
"B0DKTHZ6VQ";"13-ADKO-0ZRD";"Set 5 Wooden Music Christmas Tree Ornament, 3D Wooden Music Sheet Nativity Ornaments, 2 Layer Nativity Scene, Religious Christmas Decorations, Religious Jesus Decoration";"#FBA";"";"";"";"";"";"";"";"A_GEN_STANDARD";"NO";"";""
"B0DJGDGJ92";"CE-PP4T-XQH9";"Stained Glass Snowman Christmas Tree, Couples Ornament, Xmas Ornaments 2025, Friendship Elephant Ornament, Snowman Ornaments, White Elephant Gifts for Adults";"#FBA";"";"";"";"";"";"";"";"A_GEN_STANDARD";"NO";"";""
"B0DK1LQ477";"CE-ZWQ5-6H9E";"Baby's First Christmas 2024 Glass Ornament for Girls - Babys 1st Christmas Tree Decoration";"#FBA";"";"";"";"";"";"";"";"A_GEN_STANDARD";"NO";"";""
"B0DSTSTTRM";"CO-II21-V4BE";"I Love You Sign NFC, Love You Sign, Valentines Day Gifts for Couple, Fun Boyfriend Valentine Day Gift, Valentines Basket Gifts for Boyfriend Girlfriend, Wife, Fiancee, Stocking Stuffer for Her";"#FBA";"";"";"";"";"";"";"";"A_GEN_STANDARD";"NO";"";""
"B0DKBHG3G2";"EO-7FOX-HECR";"Christmas Ornaments 2025, Christmas Ornament Tree Round, Holiday Decoration, White Elephant Gifts for Adults, Christmas Decor for Holiday Party 2025 Christmas Ornament";"#FBA";"";"";"";"";"";"";"";"A_GEN_STANDARD";"NO";"";""
"B0DZWZY8VX";"FF-LN0G-TRXA";"Easter Decor, Farmhouse Rabbit Tiered Tray, Rabbit Table Decorations, Decorations for Home, Easter Basket Stuffers";"#FBA";"";"";"";"";"";"";"";"A_GEN_STANDARD";"NO";"";""
"B0DM294XTQ";"GG-ITCF-R90U";"Read Me When Bible Verses, Hope Jar, Prayer Jar, Christian Gifts for Women, Christian Gifts for Mom, Bible Gifts for Women (Bible Jar For Christmas)";"#FBA";"";"";"";"";"";"";"";"A_GEN_STANDARD";"YES";"";""
"B0DK4MY293";"GQ-296F-7M6S";"Christmas Ornaments 2024";"#FBA";"";"";"";"";"";"";"";"A_GEN_STANDARD";"NO";"";""
"B0DJGHPSRW";"GW-98X2-XWCX";"Jingle My Bell Ornaments, Santa Christmas Ornaments 2025, White Elephant Gifts for Women, Jingle Bell Ornaments for Christmas Tree, Funny Wooden Christmas Ornaments 2025";"#FBA";"";"";"";"";"";"";"";"A_GEN_STANDARD";"NO";"";""
"B0D4YM25M9";"Grandad Card";"Grandad Card, Fathers Day Card, Fathers Day Cards Bulk, Happy Father's Day Card, Fathers Day Card from Son, Father's Day Cards Bulk, Fathers Day Card Husband";"#FBA";"";"";"";"";"";"";"";"A_GEN_STANDARD";"NO";"";""
"B0DCG9S2BG";"D7-YGUR-731Q";"Wedding Gifts for Couples 2024, Wedding Gifts for Couple, Engagement Gifts for Couples Our First Christmas Engaged, Christmas Tree Engaged Ornament Gift for Newlywed Couple 2024";"#FBA";"";"";"";"";"";"";"";"A_GEN_STANDARD";"NO";"";""
"B0F9FKGZMC";"DAD_TURTLE";"Crochet Turtle Dad Gift with NFC Card, Dad Birthday Gift, Gifts for Dad, Fathers Day Gifts, Coolest Men Gifts, Birthday Gifts for Dad, Fathers Day Gifts for Dad, Dad Gifts from Daughter";"#FBA";"";"";"";"";"";"";"";"A_GEN_STANDARD";"YES";"";""
"B0FDZQRQDS";"DR-KM96-UUZS";"Jesus I Saw That Ornament, Santa Ornaments for Christmas Tree, Santa Ornaments, 2025 Christmas Tree Decorations, Friendship Gifts for Women";"#FBA";"";"";"";"";"";"";"";"A_GEN_STANDARD";"NO";"";""
"B0DDCK7KW8";"44-L9MU-357H";"Halloween Bat Mirror Peeker Sticker 2 Pcs Funny Halloween Car Decals, Spooky Gothic Rearview Mirror Bumper Stickers, Anti-Fog, Waterproof Film, (Bat Mirror Peeker, 5.4inx3in)";"#FBA";"";"";"";"";"";"";"";"A_GEN_STANDARD";"NO";"";""
"B0DK17SKVR";"9F-HR83-21B8";"First Christmas in Our New Home, New Home Ornament, House Warming Gift, Christmas Tree Decoration (Acrylic Ornament)";"#FBA";"";"";"";"";"";"";"";"A_GEN_STANDARD";"NO";"";""
"B0DJVJMCW3";"9K-HV00-XUA2";"Musemory Romantic Couples Date Night Box - Adventurous Fun for Couples - 35 Scratch Off Card Game - Unique Gift Ideas";"#FBA";"";"";"";"";"";"";"";"A_GEN_STANDARD";"NO";"";""
"B0D4TSF97J";"A+M.thiepgodad";"Birthday Gifts for Dad, Dad Gifts on Dads Birthday, Father Day, Christmas, Thanksgiving Day- Puzzle Wooden Plaque for Dad - Thoughtful Ideas from Daughter Son. (father)";"#FBA";"";"";"";"";"";"";"";"A_GEN_STANDARD";"NO";"";""
"B0D7D4ZBV4";"A.M.KA.Life";"Car Visor Picture Frame, Wooden Visor Clip Photo Frame, Car Visor Picture Holder, Car Mirror Decor Hanging, Rear View Mirror Accessories Decor, (You are such an important Pieces of my life, 01)";"#FBA";"";"";"";"";"";"";"";"A_GEN_STANDARD";"NO";"";""
"B0D7D4LV7K";"A.M.KA.enough";"Musemory Car Visor Picture Frame, Wooden Visor Clip Photo Frame, Car Visor Picture Holder, Car Mirror Decor Hanging, Rear View Mirror Accessories Decor, (You are enough, 01)";"#FBA";"";"";"";"";"";"";"";"A_GEN_STANDARD";"NO";"";""
"B0D7D63D99";"A.M.KA.woof";"Musemory Wooden Visor Photo Frame, Car Picture Holder - Mirror Decor, Rear View Accessories - (You had me at woof, 01)";"#FBA";"";"";"";"";"";"";"";"A_GEN_STANDARD";"NO";"";""
"B0CQ32CWMF";"A.NH01_Black10";"Handmade Crochet Tension Ring, Lefties & Righties Yarn Tension Control Ring, Adjustable Companion Ring, Gift for Crocheters Knitters, Mother's Day Gifts From Daughter, Son (Size 10-13, Black)";"#FBA";"";"";"";"";"";"";"";"A_GEN_STANDARD";"NO";"";""
"B0CQ2YNQRK";"A.NH01_Black4";"(Black) Handmade Crochet Tension Ring For Finger, Left Handed, Right Handed Zig Zag Ring, Yarn Tension Ring For Crochet, Crochet Gifts For Crocheters, Birthday Gift For Crochet Lovers, (Size 4-7)";"#FBA";"";"";"";"";"";"";"";"A_GEN_STANDARD";"NO";"";""
"B0CQ31DS79";"A.NH01_Black7";"Handmade Crochet Tension Ring, Lefties & Righties Yarn Tension Control Ring, Adjustable Companion Ring, Gift for Crocheters Knitters, Mother's Day Gifts From Daughter, Son (Size 7-10, Black)";"#FBA";"";"";"";"";"";"";"";"A_GEN_STANDARD";"NO";"";""
"B0CTJMS51F";"A.NH01_Blue10";"Handmade Crochet Tension Ring, Lefties & Righties Yarn Tension Control Ring, Adjustable Companion Ring, Gift for Crocheters Knitters, Mother's Day Gifts From Daughter, Son (Blue, Size 10-13)";"#FBA";"";"";"";"";"";"";"";"A_GEN_STANDARD";"NO";"";""
"B0CTJMNXNH";"A.NH01_Blue4";"Handmade Crochet Tension Ring, Lefties & Righties Yarn Tension Control Ring, Adjustable Companion Ring, Gift for Crocheters Knitters, Mother's Day Gifts From Daughter, Son (Blue, Size 4-7)";"#FBA";"";"";"";"";"";"";"";"A_GEN_STANDARD";"NO";"";""
"B0CTJR9BGD";"A.NH01_Blue7";"Handmade Crochet Tension Ring, Lefties & Righties Yarn Tension Control Ring, Adjustable Companion Ring, Gift for Crocheters Knitters, Mother's Day Gifts From Daughter, Son (Blue, Size 7-10)";"#FBA";"";"";"";"";"";"";"";"A_GEN_STANDARD";"NO";"";""
"B0CR1Q95CS";"A.NH01_LightGreen7";"Handmade Crochet Tension Ring, Lefties & Righties Yarn Tension Control Ring, Adjustable Companion Ring, Gift for Crocheters Knitters, Mother's Day Gifts From Daughter, Son (Light Green, Size 7-10)";"#FBA";"";"";"";"";"";"";"";"A_GEN_STANDARD";"NO";"";""
"B0CR1RF7JX";"A.NH01_Lilac7";"Handmade Crochet Tension Ring, Lefties & Righties Yarn Tension Control Ring, Adjustable Companion Ring, Gift for Crocheters Knitters, Mother's Day Gifts From Daughter, Son (Lilac, Size 7-10)";"#FBA";"";"";"";"";"";"";"";"A_GEN_STANDARD";"NO";"";""
"B0CQ327R6Z";"A.NH01_Purple10";"Handmade Crochet Tension, Lefties & Righties Yarn Tension Control Ring, Adjustable Companion Ring, Gift for Crocheters Knitters, Mother's Day Gifts From Daughter";"#FBA";"";"";"";"";"";"";"";"A_GEN_STANDARD";"NO";"";""
"B0CQ318GQX";"A.NH01_Purple4";"Handmade Crochet Tension Ring, Lefties & Righties Yarn Tension Control Ring, Adjustable Companion Ring, Gift for Crocheters Knitters, Mother's Day Gifts From Daughter, Son (Size 4-7, Purple)";"#FBA";"";"";"";"";"";"";"";"A_GEN_STANDARD";"NO";"";""
"B0CQ2ZCCDN";"A.NH01_Purple7";"Handmade Crochet Tension, Lefties & Righties Yarn Tension Control Ring, Adjustable Companion Ring, Gift for Crocheters Knitters, Mother's Day Gifts From Daughter, Son (Size 7-10, Purple)";"#FBA";"";"";"";"";"";"";"";"A_GEN_STANDARD";"NO";"";""
"B0CR1PWW8X";"A.NH01_RedCooper7";"Handmade Crochet Tension Ring, Lefties & Righties Yarn Tension Control Ring, Adjustable Companion Ring, Gift for Crocheters Knitters, Mother's Day Gifts From Daughter, Son (Red Cooper, Size 7-10)";"#FBA";"";"";"";"";"";"";"";"A_GEN_STANDARD";"NO";"";""
"B0CQ2ZKQ6M";"A.NH01_Rose10";"Handmade Crochet Tension Ring, Lefties & Righties Yarn Tension Control Ring, Adjustable Companion Ring, Gift for Crocheters Knitters, Mother's Day Gifts From Daughter, Son (Size 10-13, Rose)";"#FBA";"";"";"";"";"";"";"";"A_GEN_STANDARD";"NO";"";""
"B0CQ322MYZ";"A.NH01_Rose4";"Handmade Crochet Tension Ring, Lefties & Righties Yarn Tension Control Ring, Adjustable Companion Ring, Gift for Crocheters Knitters, Mother's Day Gifts From Daughter, Son (Size 4-7, Rose)";"#FBA";"";"";"";"";"";"";"";"A_GEN_STANDARD";"NO";"";""
"B0CQ2ZWB67";"A.NH01_Rose7";"Handmade Crochet Tension Ring, Lefties & Righties Yarn Tension Control Ring, Adjustable Companion Ring, Gift for Crocheters Knitters, Mother's Day Gifts From Daughter, Son (Size 7-10, Rose)";"#FBA";"";"";"";"";"";"";"";"A_GEN_STANDARD";"NO";"";""
"B0CQ2ZKHXW";"A.NH01_Silver10";"Handmade Crochet Tension Ring, Lefties & Righties Yarn Tension Control Ring, Adjustable Companion Ring, Gift for Crocheters Knitters, Mother's Day Gifts From Daughter, Son (Size 10-13, Silver)";"#FBA";"";"";"";"";"";"";"";"A_GEN_STANDARD";"NO";"";""
"B0CQ32JF4Z";"A.NH01_Silver4";"Handmade Crochet Tension Ring, Lefties & Righties Yarn Tension Control Ring, Adjustable Companion Ring, Gift for Crocheters Knitters, Mother's Day Gifts From Daughter, Son (Size 4-7, Silver)";"#FBA";"";"";"";"";"";"";"";"A_GEN_STANDARD";"NO";"";""
"B0CQ313CFJ";"A.NH01_Silver7";"Handmade Crochet Tension Ring, Lefties & Righties Yarn Tension Control Ring, Adjustable Companion Ring, Gift for Crocheters Knitters, Mother's Day Gifts From Daughter, Son (Size 7-10, Silver)";"#FBA";"";"";"";"";"";"";"";"A_GEN_STANDARD";"NO";"";""
"B0CQ32GZKR";"A.NH01_Tur10";"Handmade Crochet Tension Ring, Lefties & Righties Yarn Tension Control Ring, Adjustable Companion Ring, Gift for Crocheters Knitters, Mother's Day Gifts From Daughter, Son (Size 10-13, Turquoise)";"#FBA";"";"";"";"";"";"";"";"A_GEN_STANDARD";"NO";"";""
"B0CQ2ZCKJS";"A.NH01_Tur4";"Handmade Crochet Tension Ring, Lefties & Righties Yarn Tension Control Ring, Adjustable Companion Ring, Gift for Crocheters Knitters, Mother's Day Gifts From Daughter, Son (Size 4-7, Turquoise)";"#FBA";"";"";"";"";"";"";"";"A_GEN_STANDARD";"NO";"";""
"B0CQ2YBSYW";"A.NH01_Tur7";"Handmade Crochet Tension Ring, Lefties & Righties Yarn Tension Control Ring, Adjustable Companion Ring, Gift for Crocheters Knitters, Mother's Day Gifts From Daughter, Son (Size 7-10, Turquoise)";"#FBA";"";"";"";"";"";"";"";"A_GEN_STANDARD";"NO";"";""
"B0CYLZXT2C";"A.TH03_ThiepMotherMuLen_01";"Baby Shower Card For New Parents, New Baby Card, Baby Shower Gift Card, Expecting Mom Gift, Baby Shower Cards Girl, Mom To be Gift, Baby Shower Card Boy";"#FBA";"";"";"";"";"";"";"";"A_GEN_STANDARD";"NO";"";""
"B0DNCP4BKS";"AQ-S10F-34KM";"Christmas Ornaments Snowman 2025, Unique Christmas Ornaments 4 Inch Acrylic Ornament Art, Holiday Decoration, Car Interiors Decors, Friendship Elephant Ornament, White Elephant Gifts for Adults";"#FBA";"";"";"";"";"";"";"";"A_GEN_STANDARD";"NO";"";""
"B0DKTHX5VJ";"AX-9A10-91Q9";"Book Ornaments for Christmas Tree - 2024 Lover Gifts, Wood Layered Ornaments, Bookshelf Decor, Gift Ideas";"#FBA";"";"";"";"";"";"";"";"A_GEN_STANDARD";"NO";"";""
"";"X004EZYYZP";"Jingle My Bell Ornaments, Santa Christmas Ornaments 2025, White Elephant Gifts for Women, Jingle Bell Ornaments for Christmas Tree, Funny Wooden Christmas Ornaments 2025";"#FBA";"";"";"";"";"";"";"";"A_GEN_STANDARD";"NO";"";""
"";"X004M7HK7J";"Musemory Positive Crochet Duck Handmade Emotional Uplifting Support Decor, Birthday Gifts for Women, Gifts for Women Home Decor";"#FBA";"";"";"";"";"";"";"";"A_GEN_STANDARD";"NO";"";""
"";"X004M3437D";"2pcs Elon Bumper Stickers, No Elon Sticker, Musk Tesla Bumper Sticker, Waterproof Window Bumper Stickers for Cars, Anti Elon Stickers,Tesla Bumper Sticker (Here for Zero)";"#FBA";"";"";"";"";"";"";"";"A_GEN_STANDARD";"NO";"";""
"";"X004LS3YEH";"2pcs Elon Bumper Stickers, No Elon Sticker, Musk Tesla Bumper Sticker, Waterproof Window Bumper Stickers for Cars, Anti Elon Stickers,Tesla Bumper Sticker (No Elon Sticker)";"#FBA";"";"";"";"";"";"";"";"A_GEN_STANDARD";"NO";"";""
"";"X004M9PFER";"2pcs Elon Bumper Stickers, No Elon Sticker, Musk Tesla Bumper Sticker, Waterproof Window Bumper Stickers for Cars, Anti Elon Stickers,Tesla Bumper Sticker (Eco Friendly)";"#FBA";"";"";"";"";"";"";"";"A_GEN_STANDARD";"NO";"";""
"";"X004M343UP";"2pcs Elon Bumper Stickers, No Elon Sticker, Musk Tesla Bumper Sticker, Waterproof Window Bumper Stickers for Cars, Anti Elon Stickers,Tesla Bumper Sticker (A Good Idea)";"#FBA";"";"";"";"";"";"";"";"A_GEN_STANDARD";"NO";"";""
"";"X004LWJMG7";"2pcs Elon Bumper Stickers, No Elon Sticker, Musk Tesla Bumper Sticker, Waterproof Window Bumper Stickers for Cars, Anti Elon Stickers,Tesla Bumper Sticker (No Elon Sticker_01)";"#FBA";"";"";"";"";"";"";"";"A_GEN_STANDARD";"NO";"";""
"";"X004LS7457";"2pcs Elon Bumper Stickers, No Elon Sticker, Musk Tesla Bumper Sticker, Waterproof Window Bumper Stickers for Cars, Anti Elon Stickers,Tesla Bumper Sticker (Elon was Black & White)";"#FBA";"";"";"";"";"";"";"";"A_GEN_STANDARD";"NO";"";""
"";"X004F05G4H";"Christmas Ornaments Snowman 2025, Christmas Tree Decor, White Elephant Gifts for Women, Christmas Tree Forest Ornaments Round, Christmas Ornaments 2025";"#FBA";"";"";"";"";"";"";"";"A_GEN_STANDARD";"NO";"";""
"";"X004FYPPAN";"My Best Friend Ornament for Women, Friendship Christmas Ornament for Women Friends, Friendship Gifts for Women Friend, Funny for Adults, White Elephant Gifts for Adults";"#FBA";"";"";"";"";"";"";"";"A_GEN_STANDARD";"NO";"";""
"B0CYGVKSGQ";"";"Bible Verse Jar, Christian Gifts for Women, Inspirational Scriptures for Women, Daughters, Bible Accessories, Father Day Gifts, Decorative Glass Inspirational Scripture Jar, Bible Jar";"#FBA";"";"";"";"";"";"";"";"A_GEN_STANDARD";"NO";"";""
"B0DNDRZNBL";"";"Christmas Ornament, President 2024 President Gift, White Elephant Gifts Idea";"#FBA";"";"";"";"";"";"";"";"A_GEN_STANDARD";"NO";"";""
"";"X004VVETB1";"Musemory Frame with Car Visor Clip, Picture acrylic Frame for Car, Mommy and Me Picture Frame, Best Ever Gifts, Gifts for Mom Birthday (Driver Safe Dad)";"#FBA";"";"";"";"";"";"";"";"A_GEN_STANDARD";"NO";"";""
"";"X004FYTP13";"Set 5 Wooden Music Christmas Tree Ornament, 3D Wooden Music Sheet Nativity Ornaments, 2 Layer Nativity Scene, Religious Christmas Decorations, Religious Jesus Decoration";"#FBA";"";"";"";"";"";"";"";"A_GEN_STANDARD";"NO";"";""
"";"X004FNP18P";"Christmas Ornaments 2025, White Elephant Gifts Car Interiors Decors, Acrylic Christmas Tree Suncatcher Effect, Stained Glass Style Hanging Ornaments, Acrylic Christmas Ornaments for Tree Hanging";"#FBA";"";"";"";"";"";"";"";"A_GEN_STANDARD";"NO";"";""
"";"X004FWPCJ9";"Ornaments Highland Cow Gifts for Women, Farmhouse Christmas Cow Decor, Christmas Tree Ornament, Friendship Elephant Ornament, Highland Cow Gifts, Highland Cow Decor";"#FBA";"";"";"";"";"";"";"";"A_GEN_STANDARD";"NO";"";""
"";"X004FFQAPB";"Funny Christmas Ornaments 2025, Dog Ornaments, Unique Hilarious Christmas Decorations, Funny Christmas Ornaments, White Elephant Gifts";"#FBA";"";"";"";"";"";"";"";"A_GEN_STANDARD";"NO";"";""
"";"X004FOSMNF";"Christmas Ornaments 2025, Christmas Ornament Tree Round, Holiday Decoration, White Elephant Gifts for Adults, Christmas Decor for Holiday Party 2025 Christmas Ornament";"#FBA";"";"";"";"";"";"";"";"A_GEN_STANDARD";"NO";"";""
"";"X004FWGE37";"I Smell Snow, Girls Gifts Christmas Ornament, Gifts Women, Christmas Tree Ornament, Friendship Elephant Ornament, Christmas Tree Ornament 2025";"#FBA";"";"";"";"";"";"";"";"A_GEN_STANDARD";"NO";"";""
"";"X004VU11K9";"Funny Christmas Ornaments 2025, Christmas Gag Gift for Adults, Secret Santa Exchange, Meme Wooden Christmas 67, Trending Christmas Tree Decor 2025";"#FBA";"";"";"";"";"";"";"";"A_GEN_STANDARD";"NO";"";""
"";"X004F02SJN";"Stained Glass Snowman Christmas Tree, Couples Ornament, Xmas Ornaments 2025, Friendship Elephant Ornament, Snowman Ornaments, White Elephant Gifts for Adults";"#FBA";"";"";"";"";"";"";"";"A_GEN_STANDARD";"NO";"";""
"";"";"";"";"";"";"";"";"";"";"";"";"";"";""
